patent_id,inventor_id,company_id
11885288,fl:du_ln:moon-7,ea96c059-5267-4b52-ac70-4cd0915c519e
5444846,fl:na_ln:nagashima-3,dfdf1f1a-8f22-41dc-a7f0-855bde20ca67
6404762,fl:da_ln:meyer-50,f0236bcc-a68f-44e1-92d1-2d6b157ca97e
9256973,fl:ca_ln:phillips-22,29073308-02c3-4038-8bca-0fc6de0ae4fc
9426957,fl:jo_ln:kramer-17,df177dc9-2bab-4962-a377-7bc58538742c
8853623,fl:an_ln:verenchikov-1,19d853fe-2781-405e-948a-404a9535025e
4824933,fl:ed_ln:ostlinning-1,3e0fba4d-6b56-42a0-a974-3117903cdeb7
5878501,fl:ro_ln:owens-17,cd9c5ea3-a723-426d-b13f-c19f936da458
5587398,fl:da_ln:elmaleh-1,c82a894e-13f3-44d6-8f71-f467555e4635
6562265,fl:ka_ln:usui-19,b156486b-675d-419b-8b5f-d82d71a15998
8403341,fl:ka_ln:holzer-1,1c631b96-8301-4819-bd8c-2e69e2ef6c76
D661666,fl:to_ln:ogata-29,0bc189af-3eb0-4f95-9c77-b230b103c2cb
7421188,fl:ak_ln:tozaki-1,4d02b7ca-575f-4cad-8529-aa098a0d76aa
9331975,fl:ja_ln:besehanic-1,4c66950e-7332-4edf-a609-97e26f1a89d7
D767627,fl:ju_ln:oh-116,533e0469-baac-46b7-9576-669db08092eb
11043708,fl:xi_ln:huang-289,b5faa41e-c87b-487c-86f0-63b077e0235d
10099298,fl:hy_ln:lim-49,361ffb07-0c17-47f5-a6e6-2018ada787c0
10128438,fl:lu_ln:shifren-1,c0dd0b4d-fbbe-4965-b458-304bb690d1e8
4478854,fl:ge_ln:jensen-2,6b83cbcb-58c5-4d78-affb-8bdfb97b6625
5223423,fl:ge_ln:franchini-1,e3c01574-3ebc-400e-aafa-1e2465b32671
11622377,fl:we_ln:chang-216,38cff6e0-fc52-4faf-9fa9-b72912600dee
7260597,fl:jo_ln:daraabrams-1,ab02ca9c-5bcf-4acf-bdec-82b74c97c861
4287394,fl:he_ln:hafner-2,d0da7e91-696c-497a-ab6f-c20e9be712a6
9571937,fl:ke_ln:tsutsumiuchi-1,501dff99-7132-492f-a528-a015dd73464c
6120391,fl:ka_ln:yoshida-32,7fa36de2-2f4b-4708-9b7e-cb2f05de7f85
5226039,fl:da_ln:kelly-1,b62b64a3-0189-453e-9190-cf93e6efa0f1
10038114,fl:sh_ln:watanuki-2,f354228e-3553-4520-9ba7-adc273a6e7ad
10829601,fl:ko_ln:hanada-6,a8f981e4-395b-49e6-9c4d-391411bb6b67
D1024339,fl:zh_ln:li-673,fa590e64-ae3e-4323-a2f8-040b5080b325
12501663,fl:ch_ln:jung-226,533e0469-baac-46b7-9576-669db08092eb
8404439,fl:ri_ln:conrad-5,e9a69cf0-3cc3-4b7b-acfc-7f385a989c85
11429823,fl:xu_ln:tian-9,50bd54f0-7267-4493-9fa8-9b7ff9b286e7
6812234,fl:ga_ln:butora-1,5ed35e81-c079-4e8d-81c8-66eb133562c3
8451245,fl:da_ln:grant-37,fd496686-6874-407c-ba61-bcadb7bf7c96
4884569,fl:ev_ln:degtev-1,ba93126f-5633-4858-a51d-275ad40847ef
7475053,fl:ro_ln:fry-6,d414b736-2b0f-4219-9914-bf55f91f820b
12207252,fl:hy_ln:lee-963,906da649-dd98-4eac-a78c-d5dc3cc385b1
5561792,fl:go_ln:ganapathy-1,08f25b24-e02b-458b-9ff4-393cee316eff
11299413,fl:ho_ln:ren-18,adc0f2ca-b720-4077-9107-110a63c59b06
8145745,fl:yi_ln:zhang-139,3da4c986-211f-4499-8d7a-d0c794021c02
12414292,fl:yu_ln:chen-478,3213f044-625d-4b19-ac63-cbc8d28c1927
10258273,fl:ti_ln:hao-2,29b8f534-149e-443c-b76b-3c4a222da89c
6235488,fl:ca_ln:myerholtz-1,3f57b0fb-1cbc-4aee-8ef7-0641f2f7ea85
5884533,fl:we_ln:huang-346,ea5790bc-a03a-4f05-8359-7790056d3767
8992889,fl:za_ln:liu-4,8f4094b7-206a-49cc-bada-d91974888071
8210335,fl:yu_ln:chang-169,f8a032b7-662e-4c58-8de0-5081d0e9df41
8673557,fl:an_ln:scharenberg-1,c072f609-95d0-42de-8460-4915831097ae
8685912,fl:ke_ln:someya-1,36052a43-bb51-4297-997d-bd96233efb3a
7061126,fl:gr_ln:meyer-8,d1097181-f21f-4cfa-995a-7f16d587ea4a
10723738,fl:yu_ln:long-9,e6cc9d8a-8736-4feb-b884-5c7c3932488c
7431827,fl:ar_ln:judzis-1,ca3eedcb-292b-495c-8f04-81e3aa3b4a78
4874140,fl:ya_ln:hitomi-4,8d3fcc3b-4e45-42f7-9198-3bf3eebffff5
8252294,fl:ko_ln:sagane-1,54300b59-3d3e-44a9-bbf9-f82d990a1fd4
7712949,fl:ma_ln:noest-1,5dbf7f0c-1acf-4da4-8c5f-710643f76964
10131676,fl:ji_ln:feng-34,7757a63f-afcb-4b32-8398-8560b865ca91
9847713,fl:da_ln:breece-1,38cff6e0-fc52-4faf-9fa9-b72912600dee
12268212,fl:ri_ln:broglie-1,4e003d9c-8ec0-4a94-b13f-662a5fdfef62
12414973,fl:ce_ln:tuzmen-1,f59e43f2-7044-4977-a926-6b8a690d8c86
7385352,fl:su_ln:yoo-54,533e0469-baac-46b7-9576-669db08092eb
8785180,fl:ji_ln:xia-42,5a9b917a-7de7-478e-9873-b52272cf1ac0
9124597,fl:ge_ln:oster-1,a7b79334-35a4-48e8-8143-47f2bfd65432
5736655,fl:yu_ln:kanazawa-14,4ef2b9c8-d3e7-40d6-ac53-8694d8fe890f
11781258,fl:br_ln:burgess-13,d5f2b1cd-9974-4de9-b76a-b5bf8b46c5e6
6913661,fl:wa_ln:fleming-1,961aa7e0-2462-49f5-87d9-7b0d2c6b38c7
12175917,fl:xi_ln:he-218,75dc3a7e-c550-47f4-b8c6-06758262bc90
11692210,fl:iu_ln:gouvea-1,0337ccd2-8584-41d2-a789-a31f83a09a57
11836767,fl:ye_ln:khmelev-2,32ef655e-6e42-494e-b0a2-8016ac44f16f
10912568,fl:ch_ln:debry-1,0008790a-213b-4c1c-a3e1-4fcec010a63d
10746741,fl:an_ln:kanduluru-1,687e3622-691c-4eef-9ec5-5b4f4207e992
4253918,fl:ha_ln:rudolph-3,9b80291b-7f62-4cb0-86e8-33b15877feed
6391352,fl:ja_ln:hawkes-4,2d9c5471-8df2-4224-a5ee-4708658b3da3
D380949,fl:er_ln:sung-1,ef330e56-7530-4fa8-ad89-99c34bba74cf
7180263,fl:ma_ln:kosaka-12,cce4e43c-b399-4555-9e34-908d78d906ef
10709901,fl:st_ln:kostrzewski-2,9fb5cd95-8c50-41c7-a8b3-d09f1d642fe8
6440586,fl:ta_ln:igarashi-40,5952964e-63c6-4284-9012-0fdd0643f715
7109219,fl:ak_ln:tsuruoka-1,5e5cc8d9-94d2-4ee1-b203-1ade3841b636
5159552,fl:pe_ln:cornelissen-1,b247a05c-3282-4ec2-9dc8-04c2b0944b22
5353285,fl:ch_ln:sierens-1,14033969-8355-4455-a7b2-bfca056f8913
8593139,fl:hi_ln:hirabayashi-8,da5426d2-7a1c-4d65-85f8-ceb3c99d578f
8958369,fl:ya_ln:xue-30,766bd698-7279-4d4f-8a03-99eb5f85e100
9165748,fl:to_ln:takagi-14,3d9991fc-8d69-48ad-ad60-5ea5390326bf
12008032,fl:il_ln:buryak-1,13291cb4-a09a-4df9-8377-2167269550c1
12313933,fl:ha_ln:sun-103,b9c0e54e-0594-4296-bb00-fd38659edbac
4550596,fl:ma_ln:ueda-55,87bbd77e-54e0-4d95-9c1b-7843963c09eb
9844840,fl:mo_ln:seino-1,a8c2fddd-1b57-41ca-86de-9436eee97413
4519371,fl:hi_ln:nagase-14,7fd570bb-8d88-4ad9-832b-532add7b7500
5866541,fl:kj_ln:lindberg-1,2475c02c-3348-4c45-8336-3496faa8b9ff
11848943,fl:ka_ln:covington-1,9c0fe58e-b8d6-4f69-9387-bf6c62c3a416
D921610,fl:gi_ln:reimann-1,048b2efe-1ff2-4857-9bbc-18422f0f1910
11458976,fl:hi_ln:tsukada-10,ce7e150c-1eee-46bc-851d-9746ffb5f0fb
8202520,fl:zu_ln:kossaczka-1,7590ff96-da58-45bd-b930-2beb70a66347
11278862,fl:se_ln:mikhalovsky-1,e8580026-7d8f-4fa8-99b7-6950064ceba0
8031398,fl:ca_ln:decusatis-1,29b8f534-149e-443c-b76b-3c4a222da89c
10101480,fl:ni_ln:lunde-1,ce20d9b7-e190-4934-b997-2a79f1c7db43
11080296,fl:ak_ln:pundle-1,b51ffd9e-4c73-4885-a0dd-8ceea448dac7
9196863,fl:do_ln:kim-296,533e0469-baac-46b7-9576-669db08092eb
9343278,fl:pe_ln:navarroalvarez-1,52273037-d5dc-4787-b1a4-ca0bdf3eec86
7673147,fl:pe_ln:smith-41,b4cbb3f0-b96a-4bb2-847d-118ca987ca7c
D786704,fl:ch_ln:behling-5,d70a3628-b2cd-4f84-8556-48e7d206b3b2
7355620,fl:sh_ln:nagaoka-20,4ef2b9c8-d3e7-40d6-ac53-8694d8fe890f
7959230,fl:to_ln:shivak-1,83fad799-27a1-4881-88f2-b4df5e20a3ff
6043459,fl:ro_ln:klak-1,1f215f8b-c59d-4117-9378-56561d357a0e
10311479,fl:jo_ln:jung-40,cbc5f477-caae-4b84-859e-71d765e44bd1
12014904,fl:hy_ln:ra-3,533e0469-baac-46b7-9576-669db08092eb
9743043,fl:ur_ln:avni-1,7b824f2a-e5c8-447b-a4c4-2f96f2a2f88e
4975025,00h0tpepjwaw9qg0t71t4iexe,fec3d763-f486-4648-9097-8207a63d8060
7332543,fl:ar_ln:follestad-3,712dcd24-99c2-4834-97a4-60c6ba539372
9716925,fl:mi_ln:connelly-3,e7bea153-91ac-4a95-bfb7-256ebe53bdcd
11456603,fl:sa_ln:lee-260,3ddb14ba-a3c2-40bf-b430-8c39047a7205
4542315,fl:ta_ln:yamamoto-59,328434ce-a701-4c29-8aef-e9a7d3722319
8684726,fl:la_ln:berg-16,8065a93f-941f-4147-a87b-fc6573108bc6
8471575,fl:du_ln:fregeau-1,29b8f534-149e-443c-b76b-3c4a222da89c
4007077,fl:ma_ln:yaguchi-8,2d8a5c92-9170-4612-a048-cf1f82acab5b
10234922,fl:sa_ln:huynh-1,048b2efe-1ff2-4857-9bbc-18422f0f1910
9319294,fl:ky_ln:kamijima-1,877b4262-7552-45e3-adc3-c484b3095cf3
6980590,fl:ji_ln:johnston-2,d7bea8e6-277c-45ac-b99d-9f5f01f8a1d0
6329443,fl:te_ln:jitsumatsu-1,51137fd6-de4f-45b6-93b5-bc58bcf78943
5754222,fl:hs_ln:lee-149,bcf802d8-53dd-4e7e-bf4d-3b63625bdd3c
6629964,fl:wa_ln:okawa-3,385560a3-3671-4fb7-b284-b0325157da84
10178724,fl:fr_ln:mercier-3,d04b6616-9e70-4f3b-ba75-0a3c3f09bd6d
10027356,fl:of_ln:degani-2,07e8edf5-e489-4fb4-8ac6-c9e290f94740
6232422,fl:th_ln:soto-1,17fc6a1d-2ac0-4bb9-a7db-3d5cedd569d7
9795264,fl:ja_ln:thorne-1,9e4e6a41-ea24-4765-8219-c13bcdbd75bc
10372368,fl:ro_ln:galbraith-4,29b8f534-149e-443c-b76b-3c4a222da89c
3957749,fl:ho_ln:kindler-1,3efe4fd7-79e6-4322-89c1-5b5b68e96be9
9649080,fl:do_ln:oh-91,533e0469-baac-46b7-9576-669db08092eb
9646051,fl:ga_ln:sherry-1,bfe5b714-3d21-41fb-9cd4-6ab3d6ce6d12
5253432,fl:ma_ln:aijala-1,082d4120-b875-4fed-a679-3a03ae28f4d1
11539484,fl:ta_ln:luo-5,f03635c8-6b6c-4f2b-bb6c-b52678f56aae
11641465,fl:ch_ln:lai-75,63b183fe-1287-44d7-a445-61d568543be0
8425521,fl:th_ln:aebi-2,3a3bd5ad-e2c5-4418-abd8-3c416e88ae07
12429724,fl:ji_ln:wang-689,17db0f8d-78c8-443c-8a9d-e402df66def0
D587376,fl:mi_ln:woolsey-1,3e0fba4d-6b56-42a0-a974-3117903cdeb7
9201250,fl:br_ln:holden-3,00b5661b-d396-41af-89d8-e322a4925da6
7737598,fl:st_ln:dellinger-1,2f255037-9db1-4eb2-8e80-5d571e836752
9657824,fl:ch_ln:malott-2,db12c44a-cd79-43ab-84ad-3e9e341630e2
5586751,fl:yo_ln:ueno-38,2020f434-ff70-4336-87a7-0a5000cee1ad
11189664,fl:em_ln:saracco-1,fb1d5d42-4e29-484b-86ea-ba4722fc16a1
9285378,fl:hu_ln:katus-1,b17c4eda-2712-4103-a93f-18514f769e0a
10810889,fl:mi_ln:ogawa-23,75b45e0b-fbc7-4b1b-bd20-3064cfabed28
6824862,fl:an_ln:kienzle-1,ba735509-3567-4a1e-9833-df2e36eda881
9716925,fl:je_ln:lewis-27,e7bea153-91ac-4a95-bfb7-256ebe53bdcd
9174963,fl:ch_ln:dehnhardt-1,9b80291b-7f62-4cb0-86e8-33b15877feed
5485546,fl:al_ln:rubenstein-5,e8fb76aa-0ecf-4a48-aa42-4db84f92ead6
10963119,fl:th_ln:alfishawi-1,048b2efe-1ff2-4857-9bbc-18422f0f1910
6722030,fl:ha_ln:krueger-1,118066d9-1ad3-4010-b022-90d404b0c150
4529691,fl:er_ln:wolff-7,b1a22295-3f4f-4547-938a-547fd310a84d
5654039,fl:ja_ln:quick-2,4b23d1dd-2b74-4fec-ba50-446a8efc6128
12505589,fl:am_ln:karunanidhi-1,90ed811c-3113-475d-a3cf-fbad6b61c059
7421227,fl:ko_ln:suenami-1,7cca189e-6064-4c5a-a7d6-248105234eab
6562894,fl:ho_ln:clemens-1,3e0fba4d-6b56-42a0-a974-3117903cdeb7
7424665,fl:kn_ln:grimsrud-1,55715b8e-9037-47c9-8e27-a2acf13d6047
10954489,fl:xi_ln:qu-25,35f8516e-2673-47ec-85fb-4751d0e83888
10087970,fl:ja_ln:martinez-5,d741637e-71a6-4101-a7db-0c2ba20a2958
11396700,fl:sa_ln:hisakado-1,9a96a959-5611-42a9-84ee-f6d06d8ec1cb
4027463,fl:ka_ln:takahashi-59,07d85060-c939-43ac-b42c-5b116d828ad9
9025618,fl:ju_ln:coon-2,4ef2b9c8-d3e7-40d6-ac53-8694d8fe890f
5714731,fl:mi_ln:madsen-5,b732b2a1-190c-44ba-b24c-685ff9e4ef90
8689113,fl:ga_ln:gopalakrishnan-2,55bc7465-2823-418d-9835-41d555c610a6
D413622,fl:pa_ln:o'brien-21,1ba15938-bc8e-4d40-998b-a0668a9830a3
11626230,fl:sh_ln:zhang-215,a1510305-e900-47ee-bd77-5c171f008f6c
12282658,fl:al_ln:ma-3,57a723b9-84bc-42ce-b099-cd15d26d42db
D913090,fl:ph_ln:warren-2,8e43e18d-095b-4b2b-86e2-35ad64d8d326
9616420,fl:st_ln:reid-2,f82ca921-9acb-4a16-9c5b-af1c27dca9bc
11121301,fl:ch_ln:rigetti-1,76ca6258-4ccc-45e8-a19c-ba54f5b68056
10793634,fl:sa_ln:low-1,b4894f4c-5c61-45d4-98ac-3a874714ec33
9410273,fl:ak_ln:maekawa-5,c0cff327-4818-4714-80da-34986c415b23
D1055969,fl:ju_ln:sichon-1,5e8e41c7-0cbd-4859-8d10-a492adabd3f0
12477946,fl:me_ln:li-118,dbc87f45-6d75-4098-912c-352c4f301d78
10475500,fl:al_ln:calderoni-1,e26f6502-4416-481e-b15a-e69178b15dfc
10617335,fl:am_ln:alali-7,a76cd634-2abb-44d3-9fdd-8137f3de78ae
10064768,fl:ni_ln:lin-6,d036858f-3c0d-4a7d-afd3-5a40497d5b9e
5897334,fl:by_ln:han-67,313aaea0-3a17-4ec4-b425-743b026400bc
8426576,fl:xu_ln:wang-139,1e2866af-069c-4a1d-9848-19755c7fe2e1
9699498,fl:jo_ln:lee-729,906da649-dd98-4eac-a78c-d5dc3cc385b1
6635943,fl:tu_ln:pham-18,08f25b24-e02b-458b-9ff4-393cee316eff
11315706,fl:jo_ln:varkey-1,7cf2d872-7724-49cd-81aa-d231c9283a40
11512968,fl:sh_ln:sharma-60,8a03b7d9-0444-4dfc-9737-bf029c47a462
6677946,fl:ak_ln:ohba-5,09f6880e-3c6d-43e4-88c5-5ab35b7a8b7f
5934957,fl:ma_ln:takayanagi-12,03e23d6e-9ccb-4679-b41c-df9cabfa1ae6
4077743,fl:ca_ln:geary-2,f5dc5b8a-028d-456d-bf4b-7c89b3ad863a
4310870,fl:ha_ln:hanley-1,ff25d76a-ea22-40b9-b964-aeb3914ef616
8805826,fl:ru_ln:daniello-1,80cb87ff-0f23-4903-96ed-378c582be274
4973641,fl:jo_ln:tsai-13,32c216d9-1168-406e-b1a0-27b3b20c464d
5136296,fl:ch_ln:liu-999,fb643993-e023-4958-8e28-1f431be05761
11298329,fl:hi_ln:emiru-1,6ca11cca-066f-4f69-990a-dafa1665ef9d
7329901,fl:ts_ln:eguchi-1,877b4262-7552-45e3-adc3-c484b3095cf3
11294371,fl:ni_ln:letwin-1,420f64c0-3c18-4aa0-9a7a-ce568a7e6e50
12043621,fl:st_ln:nestor-1,ed6124a8-b349-4dd4-9e5c-0dff822131a7
9153049,fl:br_ln:o'connell-5,29b8f534-149e-443c-b76b-3c4a222da89c
8381955,fl:ni_ln:grater-1,93bb031c-22a1-40d6-ac4d-d08aef4f6f56
D251213,fl:pe_ln:zhdanov-1,a146c107-4bdd-4273-bec6-5b49f8444f2d
7161972,fl:de_ln:lai-3,533e0469-baac-46b7-9576-669db08092eb
12107328,fl:si_ln:ravichandran-1,38cff6e0-fc52-4faf-9fa9-b72912600dee
8790165,fl:jo_ln:aldeborgh-1,c45b21ff-b8d1-409f-b189-d9ab12368da9
11605188,fl:ro_ln:rumbaugh-1,a76cd634-2abb-44d3-9fdd-8137f3de78ae
4242145,fl:al_ln:hedinger-2,ea9b3e84-48ba-47ec-8903-1e151eab97c6
6181071,fl:sh_ln:kawabe-12,74c11be2-20ec-49fe-ac26-d839d375bd32
11757543,fl:an_ln:chervyakov-1,38cff6e0-fc52-4faf-9fa9-b72912600dee
10218420,fl:na_ln:shirakata-1,0bc189af-3eb0-4f95-9c77-b230b103c2cb
8469081,fl:th_ln:bruno-2,898a3069-7836-4817-b078-0a270550711b
D318798,fl:fr_ln:biesecker-1,b52758a3-c886-4fd8-9278-806d2ec98b1f
8459227,fl:ga_ln:cotton-3,7ffad25c-821f-4703-97aa-f2392c57bb39
9930074,fl:ga_ln:kamma-1,533e0469-baac-46b7-9576-669db08092eb
11518417,fl:gr_ln:klim-1,e7a98e77-c61a-4180-8385-fca7bea7a2d2
5671146,fl:pe_ln:rieckhoff-1,ca10e655-1f12-4bcc-91f3-225bb1bed89a
5676560,fl:hi_ln:fukushima-35,f9eab477-0d90-49e2-9673-cec04661d3ca
10479797,fl:qu_ln:do-1,2dede393-be8e-479d-b043-b66af2d16803
5314891,fl:ke_ln:oldham-1,60a8411c-d395-4a5d-9a34-93a0048cb4fb
11906523,fl:ne_ln:alexander-2,ed21916e-616e-4d7a-aa0c-21a2565f8519
7660346,fl:pa_ln:klissner-1,895efbb8-9962-407d-bad5-7264416704de
6154125,fl:ro_ln:mcauley-1,74287459-d095-4afa-aee9-b272454d9898
10290395,fl:yo_ln:ishihara-15,f9eab477-0d90-49e2-9673-cec04661d3ca
12364381,fl:ku_ln:she-1,a03a52a5-4b65-415a-a4de-fcbe5b7e9ee4
11971992,fl:sr_ln:chandra-1,4561249a-c174-4d16-97f6-5f386b758164
7845881,fl:sh_ln:kline-3,94ab0a61-22be-4c58-84a1-4271d74ece13
6292246,fl:ma_ln:shinohara-24,29b8f534-149e-443c-b76b-3c4a222da89c
8844355,fl:al_ln:buchmann-2,42ab48b2-a6c6-4dc4-9e22-9ffda95c491b
8159569,fl:ch_ln:luo-105,6b8791e2-e3f4-49d2-bf0e-8abb23539af6
10251864,fl:ba_ln:zhao-3,0c160b17-3bc0-4935-9b42-d7efae1f7a94
10015021,fl:la_ln:kim-17,906da649-dd98-4eac-a78c-d5dc3cc385b1
11766834,fl:ra_ln:thompson-17,7c091713-07c5-447a-874c-4895e14c829a
11950662,fl:ja_ln:nelson-32,e92c6b9e-1814-4db4-8064-3874d0c16587
6969776,fl:ku_ln:watanabe-5,dfe035ee-2d3f-4286-8940-eb9c7a3f3f11
6140142,fl:hi_ln:ikeda-60,0f4139b9-4113-4ca4-a7e6-c2a9199881cf
8441795,fl:lo_ln:chang-9,fcb2c22c-19e6-49d1-b16c-e0437b09ef87
4904803,fl:ya_ln:takayanagi-2,74c11be2-20ec-49fe-ac26-d839d375bd32
7540495,fl:na_ln:ueyama-3,877b4262-7552-45e3-adc3-c484b3095cf3
5338618,fl:no_ln:shibata-10,6f22bb8b-b51e-45b5-b1d2-245351470304
9885743,fl:da_ln:makinson-1,9593b1a0-9861-43c6-b6db-3da042a1062e
11706401,fl:me_ln:patel-19,e7bea153-91ac-4a95-bfb7-256ebe53bdcd
4311402,fl:gi_ln:brown-2,dc0f1abf-2b99-4186-ad65-a6a9a8462aea
9586441,fl:ke_ln:wollborg-1,0dce766a-fb96-489c-ab95-68f6a8b121fb
9775713,fl:sh_ln:jani-1,e22cd790-ca8d-415d-a2c6-c9f0a3787707
6060705,fl:j._ln:banks-1,4f3eb28f-d722-4b15-a371-525554e5824b
6619958,fl:ke_ln:beaty-2,c84c8c54-c199-4dbe-a072-8f93a9dc83a6
4641086,fl:mi_ln:neering-1,1ba15938-bc8e-4d40-998b-a0668a9830a3
12277975,fl:we_ln:shi-34,dd9920a1-49c3-4361-810e-c2335336a233
7865910,fl:re_ln:townsend-2,1d4a3263-81e0-42e2-9285-34101f7de27f
D494299,fl:jo_ln:brown-45,596ac3a1-d458-4911-8d86-b897c88120ec
4817270,fl:er_ln:scheithauer-1,4aca4b90-da09-4851-92f6-e5658e9ca61d
6123130,fl:sh_ln:copeland-1,4820410f-5c0f-4023-9bc4-291bf271394e
8120227,fl:vi_ln:leroy-5,21176b95-3f52-42b2-8049-8f5a8e65b352
9415872,fl:wi_ln:godecker-1,79b7e1b7-26f6-4881-bffc-f8ab73102a2c
11514509,fl:fr_ln:lark-1,b0f96950-e935-4125-9158-116a6e6c2a22
6352411,fl:jo_ln:bucher-6,47e97669-9b9f-4be3-8114-14a0beb528e9
4423199,fl:tr_ln:stevens-6,c835b9d2-3d1e-4896-84ac-bb26f2826bbc
5825686,fl:do_ln:schmittlandsiedel-1,f68061b9-5827-43c8-8f62-33cae08b6d16
11920341,fl:pe_ln:gstach-1,13a2da2e-018f-4663-88ac-eabcea75cef4
10677887,fl:go_ln:glover-1,352c15f6-70c2-46ff-a24f-541223e851a1
12408243,fl:li_ln:zhu-209,87e3639a-7d28-46be-8e3d-23a5d8afe49e
5103444,fl:wu_ln:leung-1,62f0f164-cb69-48c2-9573-66ecd41c13cd
7779420,fl:sw_ln:koundinya-1,7f7f1d2f-d858-4e97-8723-87f06ac28989
8596034,fl:se_ln:shortlidge-1,4be59320-7343-4ce9-998e-3ac3e1cf534f
7372622,fl:ta_ln:terahara-3,5952964e-63c6-4284-9012-0fdd0643f715
11249214,fl:wo_ln:jeong-94,0350699e-0a64-42b6-8f35-7b721f8cb4dd
8542970,fl:ni_ln:guan-2,3210962c-a2a4-4a01-90ce-7fe893d50a35
H1985,fl:ja_ln:campbell-50,a8ff5b01-5396-4174-bd3b-0245cf192b9b
11449816,fl:ja_ln:geisler-4,2576d873-c6b3-4109-948d-cc582495abb4
10442804,fl:wi_ln:tse-1,15dcecbe-452d-4a04-97de-e96a73c75d9e
9825242,fl:do_ln:kang-21,807465d5-81a1-4170-bbb7-0789a06c26c4
9964817,fl:ta_ln:nagami-4,286fd877-7d2f-4a06-9c16-c08e62fc11a2
11483190,fl:be_ln:hochwald-1,84c8223b-e2a3-4eab-8549-0b529a045a0a
9835034,fl:th_ln:gronsfelder-1,f68061b9-5827-43c8-8f62-33cae08b6d16
11257697,fl:ya_ln:kikuchi-18,5d4f358a-1d7b-49f2-b132-6bb9c2cfd725
8349831,fl:an_ln:tasker-3,7d776400-e93b-46ef-8ca3-9fb5a8e98333
5998171,fl:ji_ln:ni-3,0c400f19-0756-4b93-b3d4-46931c6401ab
11205548,fl:fl_ln:rothkopf-1,38cff6e0-fc52-4faf-9fa9-b72912600dee
9170188,fl:yo_ln:sakai-50,55bc7465-2823-418d-9835-41d555c610a6
D392992,fl:da_ln:freeman-32,1233ff5b-a2a7-44a4-b24c-c229a8836c1d
7457024,fl:hi_ln:moriyama-9,9c11e46f-0d46-41ec-92cd-1068476cf398
6479384,fl:na_ln:komai-1,55bc7465-2823-418d-9835-41d555c610a6
4372912,01as0bxvz97ekrsk41a8xfccq,8ce1ada9-9b53-4399-a30d-f8a07b30996e
6882274,fl:da_ln:richardson-11,961de0c4-ba40-4d86-9531-6154e70d6470
5154246,fl:ed_ln:salazar-4,e3fdd585-b4ef-4d2b-802e-99f1c4e6c0b5
11168674,fl:de_ln:ning-7,f537577c-d91e-43b9-ad2b-a01cd70dbf6f
10092738,fl:ta_ln:baynham-1,8f089b00-5c6c-41fe-8f94-813ca79cb2b1
8990364,fl:to_ln:johnsgard-1,56465720-a9e7-4280-bb0f-bb8ce431a610
9194921,fl:to_ln:alam-1,d3e4929a-52cd-469b-b4fc-a9ba164d74ab
6667170,fl:pi_ln:suominen-2,b1c05e79-9bf8-4f59-ae3c-f73afa71e320
8488692,fl:hi_ln:suzuki-63,0bc189af-3eb0-4f95-9c77-b230b103c2cb
7726641,fl:na_ln:watanabe-11,dfdf1f1a-8f22-41dc-a7f0-855bde20ca67
10144268,fl:ma_ln:yonekura-4,1d443c32-beaa-448d-b67c-2e60c804fd0a
9095103,fl:ch_ln:sartell-1,76bfedeb-c249-4c5a-9fb1-87c5a5ae43a0
9688410,fl:sh_ln:kawano-18,4a71a3ab-b328-4c5c-a18f-bd7d55bc264c
9216218,fl:ri_ln:mitnachtkraus-2,1b7aebd3-1aca-445f-a6c7-508b30497de9
5133534,fl:pe_ln:pacnik-1,e99f8f61-0200-4eeb-9203-c1304c9431f8
12063257,fl:da_ln:white-8,7f7f1d2f-d858-4e97-8723-87f06ac28989
10509616,fl:he_ln:kim-342,533e0469-baac-46b7-9576-669db08092eb
12390482,fl:je_ln:milbrandt-1,994dd63c-3946-4d65-a096-871c450b013c
10807261,fl:ro_ln:riccomini-2,ab00d524-c8f2-4bdd-a36c-ed4951118fa6
9858212,fl:ga_ln:goldstein-1,059c7749-901b-4d99-b628-5a0a68700c1e
11131120,fl:pi_ln:chang-4,7089870f-9407-4277-91c9-223b0260f017
4727694,fl:wo_ln:rockenfeller-1,d972fa72-d339-47be-a1e8-b1291c4af8a3
5188546,01e0yoj4hiegh3cscldgcpr4m,98ed993a-00d9-43a1-8804-77815c1965bf
10355735,fl:ga_ln:watt-1,f7e77097-6dd6-4acb-a373-3c3d0a1bd0bb
11695618,fl:ga_ln:khanduri-1,cb25ddd8-7c6c-423e-9630-b3c8f4ffe047
7565226,fl:ke_ln:gross-11,895efbb8-9962-407d-bad5-7264416704de
11258114,fl:ja_ln:schmalz-2,cb305bef-233f-4ea2-a2c8-453e317ef6df
8538051,fl:yi_ln:qi-11,f77f5297-06be-4d3b-ae57-53fc28ee208a
9341887,fl:he_ln:ip-1,04d0aabc-123c-4a18-b0aa-a55fc51bdd4c
4109707,fl:ja_ln:fredenberg-1,e869d2f3-763d-4df9-a6c3-ac86acd10c7e
8848734,fl:ke_ln:rooks-4,4a41923f-07c2-492e-9b6e-1d3afb647bb4
10354822,fl:fr_ln:hacke-1,6a15adfd-cfb0-493d-9bc2-3073616cab13
6476969,fl:yu_ln:ota-1,4dbf79c6-cbb3-4fbb-a603-01e6cadac73f
6164431,fl:je_ln:morisod-1,39533000-bbae-45e7-90bf-c933851e45e3
9998297,fl:en_ln:hou-1,8272ac25-cbd9-40ab-88fe-de091144c294
10702398,fl:re_ln:wahl-2,1381d45a-c0c8-4a46-b12e-534a6d49fc38
9056471,fl:hu_ln:boesten-3,0d8529e1-0aa0-45e9-b8f4-5cb233153d26
11838903,fl:yo_ln:yao-10,a7b79334-35a4-48e8-8143-47f2bfd65432
12190532,fl:ma_ln:slemp-2,57167b37-76b9-4206-8bdd-6c55d69d0a9d
10560525,fl:su_ln:gopinath-2,a650101f-17d9-4a7d-85bb-3783b9b762b4
8916688,fl:ru_ln:niu-1,d4656360-fd96-47cc-bd47-416550db0c3c
7891387,fl:ju_ln:lee-50,cf36fc19-fb4c-47e7-a9f8-41f0b137b4ce
4893536,fl:ka_ln:kinoshita-31,8035a931-56fe-4890-b53d-86a3e1af5f50
4823219,fl:ta_ln:ueda-41,74c11be2-20ec-49fe-ac26-d839d375bd32
6239308,fl:ku_ln:izawa-2,f275daca-6287-4d02-8166-797b6827eaa1
7452738,fl:ry_ln:nozawa-4,877b4262-7552-45e3-adc3-c484b3095cf3
8084400,fl:da_ln:lazovsky-1,d4e46c54-333b-42dc-bf20-c546c1550954
7379183,fl:mi_ln:adel-4,cdfd32b2-6afd-449f-8547-a1fb3efff530
10947315,fl:ra_ln:chari-9,e7e4d72b-6af5-4560-9108-0d3da98cfdf2
11756507,fl:ju_ln:lee-643,906da649-dd98-4eac-a78c-d5dc3cc385b1
8853731,fl:ju_ln:song-60,1dc93394-d216-4d4d-a25e-8d6e18117e8f
8267249,fl:su_ln:williams-6,3b48fed6-c7eb-40ef-b5f1-687371814589
8706239,fl:ru_ln:bharmi-1,6dd92a3b-fa04-4f80-ba36-8e9dba603913
6697536,fl:ke_ln:yamada-43,9971439c-aa8f-4cf2-b787-3b80dc992cfa
8486941,fl:th_ln:nguyen-47,70b9797b-5eca-4e53-bed6-899b07ee0de7
5265071,fl:an_ln:rinaldi-7,3eeaa955-83d2-42d0-89d3-187234c23d49
10395829,fl:to_ln:ichikawa-13,328434ce-a701-4c29-8aef-e9a7d3722319
6790590,fl:je_ln:collins-22,2e83b9af-58bd-41a7-a660-658ca58cdf5e
10788614,fl:mi_ln:liu-233,17db0f8d-78c8-443c-8a9d-e402df66def0
4689214,fl:su_ln:herles-1,d296070d-cf62-4e8a-a308-4bceb53e02e1
7560578,fl:ha_ln:hassan-2,252db6e4-4d2d-4ef4-81a3-dcdbb8edf868
7707220,fl:pa_ln:funes-1,231e1493-d8c2-4254-a6a6-be98ad60e93a
12017296,fl:we_ln:li-385,6dd1cc6b-a739-4449-aba1-0ff261efc206
9824422,fl:bo_ln:choi-82,533e0469-baac-46b7-9576-669db08092eb
9201464,fl:yo_ln:uchiyama-13,c588a8d4-7df8-4fcd-831f-ead5ec3e27e8
11252921,fl:ja_ln:behm-3,76bfedeb-c249-4c5a-9fb1-87c5a5ae43a0
10618378,fl:yo_ln:ogura-12,87bbd77e-54e0-4d95-9c1b-7843963c09eb
12004215,fl:yu_ln:yi-29,906da649-dd98-4eac-a78c-d5dc3cc385b1
10259673,fl:is_ln:kondo-1,e738f13e-85d9-4790-a3a5-f56afc3b6fc1
10528341,fl:vl_ln:leonkev-1,10aa3d8e-b0ae-4c68-81ad-9e2dd031a07b
5418315,fl:to_ln:shimoda-6,4b7514a4-6675-417e-b339-c9f7ba7a234d
11222627,fl:pa_ln:lange-3,12d7882f-12d8-473f-a477-091dbd19c9c3
11606454,fl:am_ln:kumaragrawal-1,37fa9ea3-fc60-4fa8-8f92-b3307889a502
12389582,fl:ju_ln:wang-50,29b8f534-149e-443c-b76b-3c4a222da89c
11534131,fl:da_ln:hopesimpson-1,118565fb-5037-4fb5-b31c-a1c6e7674c02
7233713,fl:he_ln:blauvelt-1,e23ce30c-e694-4a02-9b39-b68590378c5b
5575843,fl:ma_ln:yamat-1,2617ed26-16f7-4321-93a8-7bdf1364af4a
6939464,fl:jo_ln:clevenger-2,c1d85c98-a4bb-4741-8f68-e30d018eb3dd
7413640,fl:ch_ln:cho-131,6d1356ad-109e-422a-9ffb-768ca5016089
9010620,fl:ra_ln:kastanek-1,228c424a-cf0b-4424-a0bf-96f92a61bbd1
9665580,fl:ra_ln:sudarsanam-1,d76935a9-daed-4783-aa84-020a01f1620f
9946969,fl:ch_ln:lam-47,29b8f534-149e-443c-b76b-3c4a222da89c
5226458,fl:je_ln:bamelis-1,dea4b816-9b3b-40af-a939-462cfddf800c
7487628,fl:ho_ln:foster-7,8c1260e3-96c6-44cd-9ce8-02f9dfb0b109
4822613,fl:al_ln:rodero-1,fafef382-7ea1-478a-bbb1-dece22befe29
10197745,fl:ev_ln:ebraert-1,5e445418-830d-4ebc-af49-8e56d5d45998
7163158,fl:ce_ln:barrett-1,8710a281-b0e9-496a-b7e9-c88b559ea427
12316409,fl:da_ln:zhang-92,f03635c8-6b6c-4f2b-bb6c-b52678f56aae
4866532,fl:na_ln:ayata-1,dfdf1f1a-8f22-41dc-a7f0-855bde20ca67
6654930,fl:vi_ln:harradine-2,d29a429a-372f-439a-8672-cc1f7dccba41
12432836,fl:ka_ln:li-78,85f958bf-effb-48ff-b21a-64daf060259f
6069014,fl:co_ln:jaseph-1,a43a0181-af19-4e86-ac50-1358d3839eb7
11989584,fl:ri_ln:ruiz-2,0e58b46b-2bf9-4b2e-a192-6219352efa9c
7660277,fl:zh_ln:pi-7,54b9ac48-b460-4416-8a20-f58aed1240d5
11822216,fl:ma_ln:talpade-1,5879c80c-394b-466c-977d-4e5b43b58b93
12117815,fl:ch_ln:wood-32,185d5216-ec47-4fc3-85ec-278f4237c77b
10852290,fl:ch_ln:chang-610,cf7e7e16-3694-4e6e-b39e-2fef4cd9c9f2
12111809,fl:am_ln:patil-11,e6405b83-cc50-4ecf-a672-ff77bb2d206a
7537755,fl:ph_ln:patten-2,0ef7bee9-2f67-460c-beff-c519da1aa8a8
6489637,fl:su_ln:ota-2,4d02b7ca-575f-4cad-8529-aa098a0d76aa
8023343,fl:ve_ln:bringivijayaraghavan-2,e26f6502-4416-481e-b15a-e69178b15dfc
5587769,fl:ma_ln:sato-75,70f77b8f-fb49-47a0-8660-3e24907c0557
9175308,fl:hi_ln:shiku-2,1aa13e9f-4d0b-49b5-b63a-b0a8816d5d27
7845157,fl:ga_ln:roberge-1,46150e0c-8edb-4d25-8256-5f90d9acc689
7080385,fl:da_ln:leshchiner-1,34f24b08-ba74-4349-823d-07c29654a26e
11615295,fl:zh_ln:zhao-245,2667823c-6ff6-4d23-a5a4-d1d29a740aba
11213699,fl:al_ln:bertoletreina-1,42bb6519-9f19-46ca-9a66-341731545cb4
8359535,fl:so_ln:miyazaki-4,7abcc22b-1633-49ae-a452-167e99701da1
6672273,fl:ko_ln:kasai-5,7fd570bb-8d88-4ad9-832b-532add7b7500
6759605,fl:an_ln:wong-53,f3bfa34a-1f5f-412e-823e-e8f219078abf
6434471,fl:te_ln:asada-5,cb5367eb-ebac-459a-b013-d92860572522
8208598,fl:ch_ln:chan-47,48ad315e-c3ac-471f-b62d-b9c07580db16
4544350,fl:ja_ln:debernardi-1,3ad74ceb-c977-444b-b7e8-02aa1c20d2d1
5514909,fl:ei_ln:iwamura-1,eb66536b-a604-4e69-9a1e-43a75f43cda2
4681856,fl:to_ln:hamaoka-2,06bed6e9-5383-4a30-a0ab-40ab98cd0edc
4964927,fl:yi_ln:he-96,e7e6ebfb-eceb-4131-9231-bb37fdc7d8a4
7275505,fl:je_ln:ford-19,b732b2a1-190c-44ba-b24c-685ff9e4ef90
5326275,fl:ko_ln:murakami-14,fdf798cb-8fb8-419f-b141-e7fde1150ac1
11010127,fl:da_ln:mandel-1,38cff6e0-fc52-4faf-9fa9-b72912600dee
8397751,01twduguxwaw53942cyr9c6ig,f45d6633-0d26-4e10-af14-723b647bf96f
10899820,fl:ja_ln:peper-1,c3a5cc28-8840-4deb-8a32-342a07fea443
10186652,fl:to_ln:kobayashi-74,877b4262-7552-45e3-adc3-c484b3095cf3
4832791,fl:er_ln:detert-1,1f28b763-b672-4fed-8b64-4f1cfd50613e
8555459,fl:jo_ln:dialto-1,80897dd4-fd0a-495c-a40d-b6d5c9e78281
6762521,fl:co_ln:peter-1,f407b156-a0db-496d-9775-f0561005f894
11890083,fl:th_ln:naylor-2,889dd6d3-701c-4ba2-a867-5d167a5474c4
12062538,fl:ch_ln:liang-194,5a9d0f13-c862-4a48-9966-3495c4904177
11979305,fl:be_ln:kim-18,ea96c059-5267-4b52-ac70-4cd0915c519e
6467454,fl:fr_ln:wirbeleit-2,4403e8f8-0765-4125-bb25-edef96643847
5466388,fl:hi_ln:takagi-24,328434ce-a701-4c29-8aef-e9a7d3722319
11370755,fl:ka_ln:decroos-1,9dcb21cb-6948-4b56-a029-43ace2c44c4b
12184670,fl:ev_ln:bob-1,f30af39a-1818-4f67-be64-6ba2267fea5c
D523425,fl:xi_ln:chen-459,ff25d76a-ea22-40b9-b964-aeb3914ef616
D635019,fl:no_ln:kitamura-9,218e1a02-f5bf-4d63-b36f-e93fe664dc50
5940469,fl:er_ln:hell-1,f68061b9-5827-43c8-8f62-33cae08b6d16
5099490,fl:da_ln:roberts-54,270b170a-1f42-40be-b32c-11ff1c672c2b
10755035,fl:ca_ln:dimascio-1,29b8f534-149e-443c-b76b-3c4a222da89c
8936321,fl:pa_ln:re-2,c6917367-707b-47bd-a76b-88d734bc85f6
6734182,fl:pi_ln:du-3,7df8ca97-6461-4fbc-8235-9bf0e7ec1d3c
8390908,fl:ko_ln:sakai-24,5b0b2179-927c-48dd-a8ee-211adb1d7e7a
4592520,fl:te_ln:kawaguchi-5,1541969c-008a-4ea1-b940-3e3f76cb86dc
9484301,fl:an_ln:speranza-1,0c9ebedb-c3a1-4084-8fad-b280b75833cf
12408083,fl:ta_ln:song-62,906da649-dd98-4eac-a78c-d5dc3cc385b1
10417485,fl:ti_ln:ju-3,08f91805-6459-437d-a3d4-def133ef77d0
11155864,fl:ta_ln:khurana-2,23241716-4fff-401e-a363-a54d19916c21
11421572,fl:mi_ln:haas-10,e7dc6a46-5a07-45ec-87b6-8a113ab02e99
6074827,fl:al_ln:sassi-3,215b7d44-20c8-4dfb-9644-b4d02b7c1726
10829201,fl:da_ln:tomescu-2,0609cc17-343c-497f-b90b-dc1db74742e5
7588954,fl:so_ln:bouchoule-1,37576d26-0200-4aa4-a833-6cbee1300705
9543528,fl:do_ln:kang-21,807465d5-81a1-4170-bbb7-0789a06c26c4
7448484,fl:da_ln:klempel-1,97d03954-24f7-4d65-8e03-b879f7e11bc6
6530757,fl:mi_ln:kuehn-5,1c631b96-8301-4819-bd8c-2e69e2ef6c76
11004064,fl:th_ln:purves-1,b55fcd1a-c3df-413a-882e-6e44c6a791a7
6894104,fl:ji_ln:meador-1,74b0f387-219f-433c-bff1-e1d959fd6383
5402469,fl:ro_ln:needham-1,db03e60f-20e4-4364-a0b8-34daad33361c
11722897,fl:hi_ln:ito-84,9971439c-aa8f-4cf2-b787-3b80dc992cfa
12152731,fl:su_ln:kim-487,857a4a75-dbde-46ec-b054-f57f0b764d04
11138206,fl:in_ln:siebeking-1,10aa3d8e-b0ae-4c68-81ad-9e2dd031a07b
8630428,fl:yu_ln:miki-13,7dfcf143-250a-4a80-b2fd-1a8d5e69c3e8
9522128,fl:al_ln:lazarofernandez-1,9715b43c-9287-4edd-a982-6675603986a7
9526500,fl:st_ln:kraemer-4,d72e4206-c519-43d3-98f8-bd498b9da11f
6276595,fl:ro_ln:bruck-2,be047aa7-6779-43bd-88f4-23dd7e3d483d
6979471,fl:su_ln:gupta-8,e4d9f323-acf9-4a0b-adbc-81c1c2f2e6ab
6883355,fl:er_ln:lai-8,e766b23c-5832-4d00-889e-e050805c406a
4120001,fl:li_ln:abbott-2,67c9606b-94c0-4992-93e2-8f2b69aafd0c
11782809,fl:jo_ln:san-1,c6ea3d3d-d247-4960-be79-9d4e3ead0462
10972649,fl:me_ln:roosta-1,7e0091d0-3a24-43b4-b250-f7a0049ecb80
10161850,fl:mi_ln:artinger-1,6964a127-cbb1-4dc3-b365-b14fb55666ff
8646826,fl:ki_ln:wihinen-1,fe0de1ef-c3cb-4f5e-9527-9eaf8ae30fcf
5875046,fl:hi_ln:matsuda-3,93f8c962-7a18-45c0-b192-7a141f9a8b6c
11762101,fl:ka_ln:yamane-14,7fd570bb-8d88-4ad9-832b-532add7b7500
11515841,fl:wa_ln:kennan-1,3e60d4f0-af6c-4a7d-ac24-ec0a32b0c43e
9937029,fl:ja_ln:ogdahl-1,d6f2fdd3-5020-44aa-8aa1-ec9819af2e4a
6016036,fl:ad_ln:brailove-1,60d0d424-80a8-4d80-b4d0-a03ccc3a4c9a
8257630,fl:sa_ln:lee-40,ff0a0e16-e617-4fc6-82ef-c57c413b48e1
5307438,fl:za_ln:bilkadi-1,08dcb35e-70b2-4c84-b57c-02ad169716cc
11123078,fl:sa_ln:gruba-1,d6f2fdd3-5020-44aa-8aa1-ec9819af2e4a
7853393,fl:th_ln:kettl-1,5b9d262a-fd2c-4db6-a62d-96750ac9c9f7
D478159,023k7x7lii8byffkw1bnqgni1,5be1fea8-b811-4ba2-8772-c5e01926ebbb
D825320,fl:hi_ln:kimura-57,5d45c570-067c-4ce5-8969-14a6c589c262
10501551,fl:ch_ln:hata-1,e3d2d837-f160-429b-ae3d-cc757942b7b3
5741623,fl:ke_ln:namba-11,da5426d2-7a1c-4d65-85f8-ceb3c99d578f
8133653,fl:ma_ln:masujima-1,3e0e2023-b0b6-42fb-92bc-a7093e5f0f63
8952978,fl:ta_ln:yagi-23,e929409e-d879-417f-82a0-b0254e52520d
6121374,fl:pa_ln:perret-2,1a1f8105-af4a-4f4c-8407-bd400033c654
8992232,fl:ch_ln:owens-3,1e72de75-e326-4641-ae73-a12a9ad12c29
4022541,025umf7yony9jw9bxrjm88vag,04286cbe-09f8-4678-a777-007563e32936
9112164,fl:ba_ln:rand-1,327f7941-caf7-4482-8e2f-2ab7818e97eb
H662,fl:ak_ln:kabasawa-3,7ce085e8-951f-4d32-b532-02eaed945fe2
6897819,fl:ma_ln:henderson-35,f48c8eab-622e-44ed-b511-cd31ffd1fa08
6288025,fl:cl_ln:bunn-1,8747c5a2-7a28-4fa0-a5f3-89ad0bec79b2
7843713,fl:hi_ln:takenaka-28,7fd570bb-8d88-4ad9-832b-532add7b7500
7065324,fl:je_ln:mee-1,a7b79334-35a4-48e8-8143-47f2bfd65432
10366697,fl:le_ln:miao-2,66e2c62e-301f-42e2-a6de-b62c87f792e5
8254437,fl:ka_ln:takahashi-64,0bc189af-3eb0-4f95-9c77-b230b103c2cb
5902355,fl:ma_ln:kawamura-43,5bc80cfd-191b-4b6a-94f7-28289e96f822
11166370,fl:sh_ln:koga-22,0b6359d0-1aaf-4f40-99f1-b8ebcccd5dd7
3949290,fl:sh_ln:kuze-4,8f04890c-eb20-4fb6-a911-51a4f95854e5
9443042,fl:ke_ln:bertagnolli-1,252153e2-358b-4b27-8937-4ff4a395a3d5
11486918,fl:he_ln:gropp-3,0d8b9b54-cf9a-4ac9-8c52-0abff1477fc0
9214535,fl:hi_ln:ninomiya-18,4ef2b9c8-d3e7-40d6-ac53-8694d8fe890f
6921517,fl:ma_ln:hattori-42,1647337d-4cd1-4e91-9167-aea8ba78dee6
D400300,028j3du6osnlncpst2qkb7z7f,1f2491fc-b713-4775-a75d-fdbd7907d9cb
4137393,fl:no_ln:sidebotham-1,3a9adec5-2aa0-424d-bbdf-6fbdbfdbd59e
7703951,fl:co_ln:piepgras-1,681942a7-41ec-4c4a-909a-a8ca91daf854
9906102,fl:di_ln:brehob-1,d0921742-3b75-433a-87ab-d08b72e2a505
5425832,fl:yu_ln:kusano-8,ddf83130-0707-4e61-bba9-f763b2dddc73
7033954,fl:ke_ln:donohoe-1,e26f6502-4416-481e-b15a-e69178b15dfc
11451590,fl:be_ln:boding-1,b55fcd1a-c3df-413a-882e-6e44c6a791a7
11123587,fl:de_ln:hulbert-1,1b2b1e83-f524-4c5a-93a4-616a2a43b0ef
11756434,fl:ch_ln:marinis-1,1a71972a-559f-4d17-9afc-8bab57ede9a9
10195232,fl:to_ln:weinschenk-1,c3a5cc28-8840-4deb-8a32-342a07fea443
6812234,fl:sa_ln:mills-3,5ed35e81-c079-4e8d-81c8-66eb133562c3
5991019,02a7x9g6xf5pri3yzwedibmuf,6ce04dde-f383-4923-8798-780d1a608ed6
4119552,fl:br_ln:davis-7,66bd9a96-2167-4967-9353-f0ad68214081
10541766,fl:ig_ln:sotosek-1,4c66950e-7332-4edf-a609-97e26f1a89d7
12304083,fl:xi_ln:jiang-253,f1dd9d80-dc90-4ad0-a89e-892f5580c67d
11466254,fl:je_ln:lim-27,9207c6b4-4079-4305-8360-b3ad531346aa
11299413,fl:bi_ln:wu-94,adc0f2ca-b720-4077-9107-110a63c59b06
11007245,fl:he_ln:agnew-1,d3155bbb-ae5d-40c8-8f93-d2faf3c97cf5
7357478,fl:hi_ln:usuda-6,877b4262-7552-45e3-adc3-c484b3095cf3
9553522,fl:ov_ln:boe-1,f68061b9-5827-43c8-8f62-33cae08b6d16
8861827,fl:al_ln:suppes-1,b904f566-62d6-44a5-8689-7b5c5a3a1a19
11866678,fl:co_ln:joos-1,8f4094b7-206a-49cc-bada-d91974888071
12227624,fl:re_ln:schulman-1,d414b736-2b0f-4219-9914-bf55f91f820b
3952751,fl:fr_ln:yarger-1,dbf4e994-d9c9-41d1-8784-111035ca160d
4369163,fl:kl_ln:lucas-1,fc69f11f-2d28-4603-b3ef-c153c903e7b0
8575364,fl:ji_ln:jablonowski-1,0c160b17-3bc0-4935-9b42-d7efae1f7a94
9271340,fl:ki_ln:lim-83,fcd995a0-6058-4b66-9053-e7a22ce41838
6917545,fl:to_ln:vali-1,e26f6502-4416-481e-b15a-e69178b15dfc
6274108,fl:ke_ln:kobayashi-29,4cf8da95-e92e-4e41-b5f3-82898dacdfd4
4949237,fl:fr_ln:kolb-3,f68061b9-5827-43c8-8f62-33cae08b6d16
10093103,fl:yo_ln:araki-27,dfdf1f1a-8f22-41dc-a7f0-855bde20ca67
12038476,fl:in_ln:de-1,b44ed4b1-93a3-4448-80dc-758e9c16f7db
9202617,fl:br_ln:elliott-29,c4552e6a-b0a7-4fbb-9f17-9d95ac1e1aa0
12060713,fl:lu_ln:duque-1,40368fad-506e-4258-9220-aed53ecd4551
7728091,fl:ma_ln:yam-1,279afe5f-7ee2-4a95-8af5-0d7de68210c8
7748029,fl:da_ln:ross-34,a02c769e-ca17-4022-bff5-b1392df4fd99
11621537,fl:gu_ln:xu-33,874a73b2-ffb4-4e28-8fef-37de67022fd1
11968092,fl:ma_ln:kirchner-14,03cbedd6-a1df-4ea5-a09d-3fb3f43b1f8c
12433255,fl:da_ln:komatsubara-1,66ecca55-c76d-49dd-a7c5-dd3dd173f664
6267777,fl:he_ln:breedveld-1,6430b093-2bcf-4db6-91d9-b5051a6199d6
9246945,fl:wi_ln:teiken-1,29b8f534-149e-443c-b76b-3c4a222da89c
11231974,fl:ma_ln:sharma-8,10aa3d8e-b0ae-4c68-81ad-9e2dd031a07b
8735194,fl:ke_ln:takahashi-39,dfdf1f1a-8f22-41dc-a7f0-855bde20ca67
10334713,fl:ri_ln:nebel-1,7948b1d2-0d7b-4b85-adc6-26316a4f33f5
9536743,fl:gi_ln:barletta-1,e1486dcb-d5bb-48b4-a332-32062ba8e9fe
11278272,fl:br_ln:moretti-1,d6f2fdd3-5020-44aa-8aa1-ec9819af2e4a
11929767,fl:po_ln:tseng-24,ed3ba5ec-91f2-45d8-b9ea-1be27fed9643
11674569,fl:eb_ln:rulf-1,4ca3a8b4-5c5f-4386-9f6e-358f77f74509
7649883,fl:da_ln:stacey-3,4aca4b90-da09-4851-92f6-e5658e9ca61d
10967814,fl:ma_ln:takamatsu-6,f9eab477-0d90-49e2-9673-cec04661d3ca
5100495,fl:ta_ln:ohmi-3,755b9356-4914-41b1-bb7f-bc4052550fd0
6268101,fl:pa_ln:yacobucci-1,bcf802d8-53dd-4e7e-bf4d-3b63625bdd3c
6693321,fl:ar_ln:halliyal-1,08f25b24-e02b-458b-9ff4-393cee316eff
7249603,fl:ma_ln:elnokaly-1,8f4094b7-206a-49cc-bada-d91974888071
5118663,fl:fr_ln:elsner-1,000e52de-03f8-4ebf-86fb-441cb305c1a3
9375175,fl:sc_ln:hoover-5,4c84804d-ecae-4f0c-8312-2a4c36ae9e8a
D484288,fl:fr_ln:hollinger-3,d8a2d388-9166-4091-a19f-3651ed81be53
5424817,fl:ta_ln:shimazaki-13,4ef2b9c8-d3e7-40d6-ac53-8694d8fe890f
8414708,fl:yu_ln:jeong-39,533e0469-baac-46b7-9576-669db08092eb
9437627,fl:we_ln:lu-38,99600a00-8ea7-488e-8995-0be43a76d975
6973524,fl:ti_ln:hoglund-1,cc750681-c1c9-44ee-bcf6-6a406757eff3
11499002,fl:st_ln:grelier-1,7d46dab2-c28d-4974-9e52-c7fa2ae3ac16
11960082,fl:ch_ln:huang-341,a0478e67-ad0f-4256-b5d2-6b4c8295a652
8269176,fl:sc_ln:heavner-1,5eaceda6-d637-4578-bbba-a40f5560b683
10013023,fl:ji_ln:lee-561,533e0469-baac-46b7-9576-669db08092eb
9259564,fl:st_ln:baratian-1,8b6a24fa-0757-4063-bc53-9aabc477c53a
12299566,fl:gu_ln:wang-219,3fc55369-4aa5-46b8-a231-b64179fe22c1
8426224,fl:bi_ln:xiang-7,6ce04dde-f383-4923-8798-780d1a608ed6
12193407,fl:gu_ln:wang-210,4ca7b787-27a8-45f9-b4e4-15d039663de8
10038476,fl:yo_ln:hong-44,533e0469-baac-46b7-9576-669db08092eb
9373582,fl:jo_ln:lee-582,5d4f358a-1d7b-49f2-b132-6bb9c2cfd725
D869118,fl:fi_ln:crowe-1,77b88208-22b8-493f-adae-e5e5fd4017ce
11679027,fl:ra_ln:campbell-1,07f3a62d-4e7e-43cb-b41b-6da005faf09b
8773579,fl:ka_ln:imafuji-1,5b5d33ea-6f6d-44e1-be21-8e4dd896687b
7730482,fl:ra_ln:sidney-3,de53cdb6-31c7-42f3-8f4f-c5feb9e5daeb
6537695,fl:ro_ln:mcloughlin-1,35809cc5-f4df-454a-ba4d-0a50558ee422
4432550,fl:la_ln:byars-1,60e24225-6853-4ba9-b6c7-1707a1919517
8765103,fl:gu_ln:kaupp-2,d2bab218-ae72-4ddf-ab50-245ff3b056c0
D950254,fl:an_ln:peace-1,2b8a862c-52bb-41f8-af96-c08b7b04730d
10139985,fl:le_ln:lee-22,4a4f1d3b-6d54-43b2-b312-931885b5e50e
9126927,fl:di_ln:qian-1,72acc50f-79a9-4681-9edd-d2163febe47c
6697569,fl:pe_ln:gomez-1,a7b79334-35a4-48e8-8143-47f2bfd65432
11774312,fl:th_ln:konietzny-1,8794ad72-ec80-41f4-ba3e-46b83c690374
8504009,fl:me_ln:ding-11,766bd698-7279-4d4f-8a03-99eb5f85e100
10179899,fl:ge_ln:siew-1,67a7c597-b40b-41e6-acec-0f38f5d5f016
10131473,fl:wh_ln:talbot-1,7fbe2d79-2341-4308-a0f0-0d738078b84e
8095178,fl:er_ln:yam-1,ab02ca9c-5bcf-4acf-bdec-82b74c97c861
6555928,fl:yu_ln:mizuno-18,524a078f-e500-4085-ab09-6d82ec85b864
4320364,fl:yo_ln:arakawa-2,328434ce-a701-4c29-8aef-e9a7d3722319
9463234,fl:ma_ln:borca-1,f42b3ee0-57d2-4044-8b94-bbd100823922
9774402,fl:fa_ln:chaahoub-1,1c05a20f-07cc-4434-a847-a59a298f83c0
8518162,fl:an_ln:seeley-1,ef306829-b24e-4a25-a553-c5a843ee3abd
7996137,fl:st_ln:groitzsch-1,c4194edb-ffaf-4c03-982d-93cb94b63519
9590880,fl:ge_ln:herbert-1,d530b05a-2539-4dbe-aa54-027b4ab9be0b
12313888,fl:hi_ln:tran-9,4c70fec8-d614-4265-8972-e1e18c0d403a
9881200,fl:xu_ln:dong-28,b76c7145-9d46-40e6-a3e9-eff1bc275731
5527874,fl:ar_ln:datz-1,f68061b9-5827-43c8-8f62-33cae08b6d16
11791194,fl:ma_ln:tomoyasu-1,533e0469-baac-46b7-9576-669db08092eb
6282160,fl:ki_ln:tateishi-5,edcbf193-884d-45d3-ab96-804483807113
10668480,fl:cu_ln:biehn-1,98934bcd-c631-4e69-85e8-a7f3b47e1439
10311092,fl:ka_ln:chakrabarti-1,d530b05a-2539-4dbe-aa54-027b4ab9be0b
10933744,fl:br_ln:gillingham-1,599c02e8-e2a2-419f-98ff-ff54bdb8a979
6553972,fl:ta_ln:yamamoto-120,7fd570bb-8d88-4ad9-832b-532add7b7500
9499552,fl:xi_ln:zhu-192,3693b100-dffc-43bb-8c8f-52784196a2b0
6561824,fl:lo_ln:bolt-1,7ad9ed90-8fe4-4b62-9368-1308a711bd63
5500661,fl:ma_ln:uetuki-1,dfdf1f1a-8f22-41dc-a7f0-855bde20ca67
11540477,fl:ru_ln:fox-1,df177dc9-2bab-4962-a377-7bc58538742c
3973154,fl:al_ln:broadway-1,4fd40e7f-e635-43e2-b20c-581699658324
9521501,fl:je_ln:riedmiller-1,27de0b49-ded4-4de2-8e74-49a72dfa2d7c
7633885,fl:wa_ln:matsumoto-1,5952964e-63c6-4284-9012-0fdd0643f715
7323188,fl:ya_ln:takii-1,cf81c842-a67c-429b-9181-c170c7359ba5
7706015,fl:ca_ln:espinosa-1,4691872b-68a6-4a4f-b9a9-95c5df540cf2
10976385,fl:sh_ln:wang-748,5eadbc7e-df81-4be0-a2d9-0deac70b22fe
5730713,fl:ab_ln:lin-2,f35df0cb-2500-4f08-985a-5df1424754c1
11987876,fl:si_ln:kanakasabapathy-3,5a9d0f13-c862-4a48-9966-3495c4904177
4689214,fl:st_ln:shymon-1,d296070d-cf62-4e8a-a308-4bceb53e02e1
4872274,02stc0bnkwvwkijdt70oj4k2y,c860fd1e-9d25-473e-876b-7961710d2a11
9520726,fl:ji_ln:lee-305,533e0469-baac-46b7-9576-669db08092eb
4402757,02swadp0wajs9906jzdtecq84,28bcd129-e6cb-42c4-801a-ebe19fda2b1d
11346479,fl:xi_ln:li-567,781acabf-9ad0-495a-ad29-ffaccffdab50
5831680,fl:ke_ln:mori-22,9971439c-aa8f-4cf2-b787-3b80dc992cfa
8921157,fl:ma_ln:mitsumoto-2,93f8c962-7a18-45c0-b192-7a141f9a8b6c
5952899,fl:ju_ln:ago-1,328434ce-a701-4c29-8aef-e9a7d3722319
7547381,fl:hu_ln:cui-26,b9b47713-0594-4183-a4fe-b21db3d3f93f
RE41363,fl:ju_ln:lee-33,533e0469-baac-46b7-9576-669db08092eb
D353939,fl:ke_ln:rustogi-1,d296070d-cf62-4e8a-a308-4bceb53e02e1
4478842,fl:ha_ln:renfroe-1,c1f5d166-99bc-4135-9c11-1244667f49e6
5695102,fl:te_ln:jackson-6,fe880705-9d43-4c03-a232-00e6a2abce0d
6919948,fl:yo_ln:yamaguchi-41,877b4262-7552-45e3-adc3-c484b3095cf3
10984219,fl:ha_ln:wach-1,fbb0b466-df43-4e1a-97a7-ec08426b3ef6
5095400,fl:to_ln:saito-52,522c9bec-139f-444c-8bf9-a1052636a2ea
7660342,fl:be_ln:durand-2,4db5b927-9681-478f-b16d-d85a182cf196
12441273,fl:ka_ln:tomimatsu-2,3ea2dc97-f5aa-4931-a0d1-73f5370f56ce
7196833,fl:jo_ln:bowers-11,e6775772-d375-43e1-8308-327cfaf2e01d
6200055,fl:lo_ln:fusaro-2,f0475908-72de-4409-b2bd-60d66c94eb07
9604976,fl:da_ln:davies-28,472799b4-909c-4c8d-9ffc-3148fcc9204a
10334670,fl:ku_ln:huang-87,2ad1587a-d14e-4670-9dcd-02e4ec02b4a0
5268719,fl:er_ln:brizzolara-1,bcf802d8-53dd-4e7e-bf4d-3b63625bdd3c
12442782,fl:st_ln:zehringer-1,1c631b96-8301-4819-bd8c-2e69e2ef6c76
D301347,fl:jo_ln:dykstra-4,a9b0c2e8-d921-4c4c-ae53-21ce7adfded5
6073110,fl:mi_ln:soemo-1,321821bb-73d3-4760-9e7d-2b540486e92e
6639027,fl:ry_ln:saito-6,ac853623-5a99-45be-94e6-c4915fa768f4
8804205,fl:ta_ln:matsuoka-27,5b0b2179-927c-48dd-a8ee-211adb1d7e7a
11533463,fl:ri_ln:fulcher-3,55a02194-abfe-40c4-b2cf-276a17032554
7682900,fl:se_ln:hong-96,b23e3cee-e5d6-4ac2-8bbb-4707becdf7de
D461197,fl:ja_ln:baudhuin-1,b99521cf-889d-4c26-b7e4-21570e336784
7790135,fl:jo_ln:lennhoff-1,ba1d76d1-d61a-4261-a8e3-1c4ac68e2e20
11142610,fl:ky_ln:kano-2,ffda8f62-32a3-46e2-9794-01a0d4f661f6
12362079,fl:sc_ln:kuester-1,504312c3-d79a-4280-8e57-12793a3b5e46
6506674,fl:ma_ln:izawa-3,9971439c-aa8f-4cf2-b787-3b80dc992cfa
11313309,fl:yu_ln:oshiro-3,87bbd77e-54e0-4d95-9c1b-7843963c09eb
12154060,fl:jo_ln:foggia-1,ae4281c5-3063-44a7-8a28-3fa9d062d10a
11073599,fl:vi_ln:varadarajan-2,f03635c8-6b6c-4f2b-bb6c-b52678f56aae
7583357,fl:sj_ln:donders-1,e158008f-001b-4327-b2b9-9d9f64b64919
12036312,fl:mo_ln:sommer-2,780843d5-3dac-4917-bf22-b4dc311060f3
4928090,fl:sa_ln:kodama-1,757433fd-d14c-4af1-99b7-55e993f68a45
7963825,fl:ki_ln:tanno-1,2a5fd84a-89e0-4962-aa61-a5bcbaee0a82
10749478,fl:an_ln:bleker-1,a7b79334-35a4-48e8-8143-47f2bfd65432
7036667,fl:an_ln:zee-1,400b3230-9ac7-4512-b33e-ba153e9632fd
10849800,fl:mi_ln:faulks-1,1375ccb4-bb29-432c-b832-4d0044acc7b9
4905497,fl:ry_ln:tao-1,93f8c962-7a18-45c0-b192-7a141f9a8b6c
6496027,fl:vi_ln:wong-20,e26f6502-4416-481e-b15a-e69178b15dfc
6514542,fl:mi_ln:mcgarrity-1,df3568bf-5309-4c50-bfc5-3aca2d8d6342
5444618,fl:ma_ln:ibusuki-1,93f8c962-7a18-45c0-b192-7a141f9a8b6c
11297339,fl:ba_ln:keszthelyi-1,9d40f5e8-77d3-4aab-8e33-42acb0527acb
9295441,fl:yu_ln:li-432,5eadbc7e-df81-4be0-a2d9-0deac70b22fe
4418788,fl:ka_ln:ingard-1,0abf384e-cf06-4f82-882c-41bad0ba3f84
7508861,fl:em_ln:kanterakis-1,707389b9-36ba-4d5c-ad22-5ab6e8a3ef44
4647155,fl:ra_ln:yardy-1,29b8f534-149e-443c-b76b-3c4a222da89c
D1089123,fl:ba_ln:adams-3,806c42e3-d3cf-45ab-a891-6f21e1955647
7310435,fl:sr_ln:suryanarayanan-1,b904f566-62d6-44a5-8689-7b5c5a3a1a19
11672136,fl:yu_ln:nonaka-6,55754f7e-e260-42ac-a700-1d2cc456c43e
7929683,fl:al_ln:johns-3,50db1714-9aff-43e4-875e-ee0a2aa0cc9a
11159583,fl:ka_ln:veeramani-2,55715b8e-9037-47c9-8e27-a2acf13d6047
6908876,fl:mu_ln:akhtar-6,7ff46aad-920a-4a06-97cb-791a4cd70773
7573566,fl:jo_ln:hebrank-1,e860ff74-1eb6-410d-b6ae-57e0fa7542fe
10540703,fl:xu_ln:liu-51,c27d5708-9597-49c1-b65c-25ebca84f530
5764394,fl:ta_ln:nyu-1,9971439c-aa8f-4cf2-b787-3b80dc992cfa
7216321,fl:be_ln:murphy-12,2db71e0e-2e6c-455a-abdf-b0ee6256a00b
7407001,fl:st_ln:marshall-26,3af6ea16-c418-4bc6-a884-e0b4c4b0e193
11315481,fl:mi_ln:yu-126,17db0f8d-78c8-443c-8a9d-e402df66def0
7615261,fl:yo_ln:ham-10,956c0a58-ac23-4951-9d3a-3af066ec8744
12430281,fl:ma_ln:ozawa-14,ac2f0f5c-98ed-4529-b969-9eb88e8e01cc
12411060,fl:ge_ln:maines-1,8b84e587-aca6-43ae-9ea0-32d280b3c240
4037041,fl:se_ln:cesca-1,18a59dfa-9ded-4372-85f2-464484f5a9e7
9665992,fl:st_ln:mcduff-1,29b8f534-149e-443c-b76b-3c4a222da89c
8628848,fl:ha_ln:saxen-1,e2f9ae13-8004-494c-b703-bb050126a378
7989768,fl:ak_ln:ikegami-2,e1017d07-6462-49d4-85a3-b21a4f1f767e
11885971,fl:ta_ln:iwatsu-1,55bc7465-2823-418d-9835-41d555c610a6
8971163,fl:ke_ln:nakai-19,74c11be2-20ec-49fe-ac26-d839d375bd32
7357842,fl:ha_ln:herchen-1,15031468-cbbf-46c3-9fa0-7c210712d7d9
4875423,fl:ro_ln:conti-5,f9cffc75-bb16-4728-afe3-be6b1738f933
7300166,fl:jo_ln:cronin-4,0b5d98d6-60d7-4b54-a37e-ea42440fbe74
5693818,fl:sv_ln:vonunge-1,ff69b34e-2a44-4884-90f2-9f94e1fabfdb
10954489,fl:sh_ln:chen-805,35f8516e-2673-47ec-85fb-4751d0e83888
6565831,fl:ma_ln:coffey-2,dcae38a3-ac62-4c61-ab35-8d346846a181
11764087,fl:oh_ln:kwon-130,533e0469-baac-46b7-9576-669db08092eb
10893819,fl:ah_ln:turgeman-2,d6107d06-f8af-49d6-b4fb-91ebfcc12673
9623482,fl:yu_ln:wang-414,42279532-75f2-492d-a90c-ad21573dc9ee
9877947,fl:ma_ln:paezpereda-1,fb643993-e023-4958-8e28-1f431be05761
8728429,fl:ol_ln:shenderova-3,612fe70b-2897-4dfd-8c09-45d480582802
8180780,fl:ro_ln:wisniewski-3,29b8f534-149e-443c-b76b-3c4a222da89c
7273645,fl:na_ln:sumi-6,dfe035ee-2d3f-4286-8940-eb9c7a3f3f11
11876722,fl:na_ln:abedini-1,f03635c8-6b6c-4f2b-bb6c-b52678f56aae
10259986,fl:jo_ln:fernandez-15,ba69a20a-04b4-497a-a8e2-f37c71e19753
9676395,fl:ma_ln:cuddihy-1,8a03b7d9-0444-4dfc-9737-bf029c47a462
5910808,fl:at_ln:kobayashi-9,877b4262-7552-45e3-adc3-c484b3095cf3
11590275,fl:an_ln:hindmarsh-1,ff62b737-9474-45de-a609-b18f9aed1be3
9873110,fl:ya_ln:mortazavi-1,62bb21ac-6cf5-4b4d-8352-8fbf4d997014
12029468,fl:da_ln:maurice-3,0ae680a1-129d-4c2a-9e4c-dfb404338251
D361749,fl:ya_ln:fukao-1,bdbdcc48-2b88-4de5-9464-9b8c68b90cc4
11073923,fl:ma_ln:abe-34,5c363383-dc8d-4694-8429-9ac172a1b4d7
10556161,fl:ry_ln:stokke-1,576e04d7-3d89-4e3b-bb21-0d51eec5dd7c
7158626,fl:ka_ln:kummu-1,54b9ac48-b460-4416-8a20-f58aed1240d5
10366938,fl:ma_ln:umehara-7,c375391f-fa59-4079-91d0-ebc1475cc6fe
D806142,fl:do_ln:serrurier-2,75af58a7-54a5-41c1-8dd7-ee4f50e46e9d
9618568,fl:yo_ln:lee-289,533e0469-baac-46b7-9576-669db08092eb
11722059,fl:ya_ln:nam-3,533e0469-baac-46b7-9576-669db08092eb
8267960,fl:ni_ln:levi-1,24fa0837-6cc6-423a-855b-c6299134ac5b
9909774,fl:ro_ln:hyde-1,e38f9a0f-f977-4c05-affe-c7346213ac33
5978630,fl:jo_ln:knapp-1,4840cedc-7dcd-4aa9-9d62-ee877f7ef128
11871650,fl:da_ln:thuau-1,361d7b3d-27ec-49c3-960d-ad32cc226234
8411787,fl:al_ln:chloma-2,6e1fe222-aff2-408a-830f-b029032fe73f
7034424,fl:ha_ln:kometani-1,74c11be2-20ec-49fe-ac26-d839d375bd32
11190231,fl:pa_ln:palacharla-1,5952964e-63c6-4284-9012-0fdd0643f715
8899860,fl:al_ln:szekely-1,f46b8a20-8370-400b-af37-f9866977c7e3
D847239,fl:hi_ln:yamauchi-8,74c11be2-20ec-49fe-ac26-d839d375bd32
7507021,fl:de_ln:yerlikaya-1,bef3e5fe-e6bf-41bf-be80-f3b7c89242d9
10404817,fl:pa_ln:jones-31,4a3eec42-78bf-4057-8a68-4da387b86ee6
8350817,fl:ju_ln:nakata-4,0f4139b9-4113-4ca4-a7e6-c2a9199881cf
D821494,fl:de_ln:liu-22,d2d927e5-4649-4b2c-813c-f58ed3da2d9c
10354300,fl:hi_ln:hayaashi-1,55bc7465-2823-418d-9835-41d555c610a6
6008179,fl:de_ln:milbrath-1,681bb272-dacd-4789-b8d1-1c43e9ed8fbf
6904269,fl:th_ln:hill-12,c6ea3d3d-d247-4960-be79-9d4e3ead0462
12227426,fl:jo_ln:featherstone-1,1fa42400-6d0c-4bd9-a7a0-82f0404baba2
6766425,fl:ma_ln:hedges-2,f48c8eab-622e-44ed-b511-cd31ffd1fa08
3961182,fl:wi_ln:spicer-1,34df10d2-3ba2-440e-9dbf-841f6f2a5953
8577517,fl:aa_ln:powers-4,f1c41144-34c3-44da-a912-bb2ff4db0d19
6954623,fl:sh_ln:chang-291,9f20ad90-6be5-4313-8385-5d1e104aa520
D997905,fl:ca_ln:tang-10,e5fc5e35-7897-4c25-ad95-7c0baff711ab
7473716,fl:ia_ln:shankland-1,1b7df2b5-6ba8-45e7-978f-a91d69bf49be
6193698,fl:gu_ln:hertig-1,d3438fb7-7fa7-4733-915e-3fa1aead6b9a
11710617,fl:pa_ln:murphy-35,69a10d5a-b7d5-4de3-8ffb-1b8a92b69475
12252601,fl:da_ln:zhou-7,ab22338e-e9b0-407a-abcf-1e13d08790f0
7595886,fl:mi_ln:maeda-18,4112d520-2a3b-4359-8ec1-7c50d6a75776
12185893,fl:da_ln:kim-249,906da649-dd98-4eac-a78c-d5dc3cc385b1
6015363,fl:ro_ln:mathis-9,3ed2c943-34ea-4a4b-8d4f-7fd021d80ea0
11661498,fl:th_ln:hanel-1,d131d528-6fc2-4668-89ee-40639fd22fb0
4110823,fl:ja_ln:shemer-1,4840cedc-7dcd-4aa9-9d62-ee877f7ef128
7346337,fl:ma_ln:hamatsu-1,d7be4447-4923-4e6a-be22-de517bc6f026
7603004,fl:do_ln:wunsch-1,a79c2d31-6843-4db6-825b-2a6d08505061
9123638,fl:so_ln:nam-14,97c0e6e5-e14f-4688-94b3-bf717a799280
5773326,fl:pe_ln:gilbert-2,ff25d76a-ea22-40b9-b964-aeb3914ef616
11712998,fl:ga_ln:balsam-1,1cbef112-d835-4c47-90d7-0ccaf118ddcd
5189733,fl:jo_ln:bennett-22,2e2cf5b3-44be-4b4c-b8b4-52f7eb41723f
D735111,fl:sh_ln:shiina-1,e7590225-bfcc-4a90-ab10-17032084a094
11597183,fl:mi_ln:free-1,681bb272-dacd-4789-b8d1-1c43e9ed8fbf
4473782,fl:wi_ln:reinhardt-5,d2309460-6491-4651-b980-3dfefbc964ac
4639850,fl:ta_ln:yutani-1,74c11be2-20ec-49fe-ac26-d839d375bd32
9832433,fl:ji_ln:li-298,305827a4-7e33-43e4-8e80-6790449b4f25
5166496,fl:vi_ln:sarkissian-1,938d5285-712a-46dd-a22d-c2f701104e38
11623398,fl:ma_ln:thompson-1,b904f566-62d6-44a5-8689-7b5c5a3a1a19
9179329,fl:ya_ln:li-258,f03635c8-6b6c-4f2b-bb6c-b52678f56aae
11075083,fl:hi_ln:arimura-13,c6ca3c9d-5349-4594-a0d4-6d614849043e
11521946,fl:ho_ln:klassen-1,2e44a2f0-eefb-4121-8732-971e9ef8f3f1
4342586,fl:fr_ln:bollinger-1,3a9adec5-2aa0-424d-bbdf-6fbdbfdbd59e
12404442,fl:jo_ln:singh-6,0ed3b5da-e166-4ce8-bb57-768914cc7e2e
9583486,fl:mo_ln:bajaj-1,29b8f534-149e-443c-b76b-3c4a222da89c
6856848,fl:sh_ln:matsumoto-83,77b0e539-7552-487c-8171-df9127f7fa66
9318891,fl:st_ln:seberger-1,845a71c7-2c54-40a4-9399-cf768a028119
4307541,fl:mi_ln:copeland-6,c16ef310-3fb7-43ec-beeb-cfeb787c9f2e
7570435,fl:ke_ln:yoshitsugu-1,0bc189af-3eb0-4f95-9c77-b230b103c2cb
4887917,fl:ma_ln:troster-1,c1d6ed7d-6320-4a92-b5da-8381ed28fd0d
11559202,fl:ev_ln:garciaramos-1,59b85ea3-487c-4e5e-9e12-b461d7917563
7816102,fl:ne_ln:zondlo-1,79444500-18f6-40ac-98ed-20b1843bbc79
5202686,fl:no_ln:rapp-1,ef1e2e8c-55d3-4721-89cd-113b398b8317
6556125,fl:th_ln:rohrl-1,f68061b9-5827-43c8-8f62-33cae08b6d16
10880157,fl:ju_ln:son-98,533e0469-baac-46b7-9576-669db08092eb
8752431,fl:jo_ln:reinmuth-2,1c631b96-8301-4819-bd8c-2e69e2ef6c76
9881459,fl:pr_ln:arora-3,988abd55-08cb-4eb9-80f6-d06dd9600068
6384530,fl:ri_ln:holcomb-2,b904f566-62d6-44a5-8689-7b5c5a3a1a19
10141737,fl:yu_ln:lei-30,0f759bc1-4e44-4151-a8b2-5c2ec21054a2
8116388,fl:ar_ln:paulraj-1,a42ba1ca-eafb-4dff-b0a2-604b53435405
7719687,fl:ju_ln:matsumoto-11,1d2176b7-d908-461d-914c-d0894cf92a60
12036833,fl:an_ln:vannoy-1,d7026f32-dbec-4834-ae62-fbd65c605fdd
11394288,fl:ke_ln:nakahara-14,83c849be-f31a-410b-abcb-b9ed098533ca
7165665,fl:kl_ln:strohhacker-1,8b57786a-e817-4108-9a74-83e83780663d
11591815,fl:wa_ln:bennett-1,492c38f4-c12f-4cea-8e75-5771d0d9e814
9960708,fl:di_ln:fu-5,c201b109-e685-4117-a452-69e243f072b7
5126849,fl:sa_ln:senuma-1,55bc7465-2823-418d-9835-41d555c610a6
12416434,fl:ku_ln:saeki-3,cce4e43c-b399-4555-9e34-908d78d906ef
8143380,fl:ol_ln:kinstler-1,7d776400-e93b-46ef-8ca3-9fb5a8e98333
12021778,fl:yu_ln:li-458,766bd698-7279-4d4f-8a03-99eb5f85e100
5282060,fl:sh_ln:kizu-3,4ef2b9c8-d3e7-40d6-ac53-8694d8fe890f
10878420,fl:bi_ln:nair-5,b55fcd1a-c3df-413a-882e-6e44c6a791a7
8343848,fl:ic_ln:abiko-1,9356bb22-f3a6-4755-a339-217a1e076071
10947252,fl:ra_ln:nishimura-1,0c160b17-3bc0-4935-9b42-d7efae1f7a94
11895989,fl:ha_ln:schreier-1,062798e3-0728-413b-ace4-d1f21ca4047d
12040630,fl:so_ln:akkarakaran-1,f03635c8-6b6c-4f2b-bb6c-b52678f56aae
7226614,fl:mo_ln:berwaer-1,f9fc2605-f415-40b1-84ac-158475d0fe52
4602086,fl:na_ln:hiroshi-3,96094107-a782-4d73-9a14-6101409b6824
8168107,fl:yo_ln:cho-107,533e0469-baac-46b7-9576-669db08092eb
9251812,fl:ka_ln:yasuda-14,11147b0d-4979-40bd-8792-8c29f937dcef
12307919,fl:ja_ln:mehta-10,c0b4f9c0-2c06-4b65-8db4-202da2502c95
4461689,fl:he_ln:diepers-1,f68061b9-5827-43c8-8f62-33cae08b6d16
11959912,fl:ch_ln:zhou-89,1f25863f-eb68-4cd8-990f-d3aa1ae2c8bc
10064768,fl:yu_ln:lin-250,d036858f-3c0d-4a7d-afd3-5a40497d5b9e
6215545,fl:yu_ln:matsuyama-5,5d4f358a-1d7b-49f2-b132-6bb9c2cfd725
10704961,fl:ji_ln:wang-601,dddfb1a5-63c4-44d9-b238-e4d25a2ee58e
D544229,fl:ke_ln:bartlmae-1,995cdfc5-9bb0-4e6b-ae37-fbc2aba03254
D833401,fl:ma_ln:vanbeusekom-3,4c70fec8-d614-4265-8972-e1e18c0d403a
9453951,fl:na_ln:murakami-7,ce667935-4f81-41e2-a3b7-5f3a7b7e88dd
8837469,fl:to_ln:terauchi-4,55bc7465-2823-418d-9835-41d555c610a6
5896318,fl:yu_ln:tajima-2,cb5367eb-ebac-459a-b013-d92860572522
8946112,fl:th_ln:arockiadoss-1,787addf6-1e95-47cd-a1f9-23a4a746b26b
D481622,fl:xu_ln:cai-10,e9ab1177-9741-4e16-a2d6-0076ad2fa3b1
5300631,fl:cl_ln:tabin-1,ed6124a8-b349-4dd4-9e5c-0dff822131a7
10866150,fl:je_ln:jobin-1,d250cab4-55da-44bf-9d90-5f0c579a7233
6607869,fl:no_ln:yamada-29,77b0e539-7552-487c-8171-df9127f7fa66
4864029,fl:kl_ln:jelich-1,3e0fba4d-6b56-42a0-a974-3117903cdeb7
11524793,fl:da_ln:lima-4,7bf41e2b-f11b-4620-9eac-a336f4ce2818
11335837,fl:se_ln:bang-20,65dcbd25-716d-4a60-8fea-225e8222ad66
10302495,fl:od_ln:livneh-1,31279068-265c-459c-b3d6-be7c7d20ae16
4447874,03r3ipddyth47rvw1rrogw5wg,bc993c3e-1ffa-47b3-8e3b-019a16b6f7a6
D828352,fl:je_ln:bataillou-1,38cff6e0-fc52-4faf-9fa9-b72912600dee
D789305,fl:hi_ln:imamura-16,1d443c32-beaa-448d-b67c-2e60c804fd0a
3991071,fl:da_ln:weighton-1,c8b900f0-c7f9-446b-bc29-11727ce5d8aa
9092390,fl:jo_ln:costigan-1,048b2efe-1ff2-4857-9bbc-18422f0f1910
9131088,fl:ke_ln:ishizuka-5,55bc7465-2823-418d-9835-41d555c610a6
12466862,fl:qi_ln:chen-244,b18780b7-6153-4d6b-aff5-1e3ce9db16b3
D695272,fl:es_ln:hansen-5,7f7f1d2f-d858-4e97-8723-87f06ac28989
7663007,fl:ve_ln:rao-15,99a82a2a-c494-4f14-bec0-2bcb33b5c533
4237623,fl:ja_ln:king-14,718d07ec-d019-4ddb-a5cb-62f4b6787833
8595504,fl:ch_ln:wang-577,6cccfcb4-1761-4afb-bd37-def24a3d1228
9490370,fl:ta_ln:matsuzaki-23,55754f7e-e260-42ac-a700-1d2cc456c43e
D860991,fl:se_ln:engwall-1,6ec50422-3423-4682-b468-8e9630ae5ae4
9305324,fl:mo_ln:mcguire-1,3a89079c-9b5a-44d9-9a29-1374eed14194
5373682,fl:sh_ln:gore-5,32c216d9-1168-406e-b1a0-27b3b20c464d
10894023,fl:me_ln:lee-32,a2d44597-614d-47bf-bebe-e30cd2fa1bdc
8952039,fl:su_ln:so-2,9e7a203a-82fc-4faa-b7b2-17779ef9b73f
8398147,fl:th_ln:fischer-8,197b55b5-31ed-44d1-9aa8-8ead2207ab6a
5353567,03ua4hfivxfsls66fjv463b5e,95bf18ec-b1e3-4ca2-9ec9-39dc7bb351f0
7737760,fl:ji_ln:lai-70,ed3ba5ec-91f2-45d8-b9ea-1be27fed9643
10033712,fl:sa_ln:chandrasekaran-10,048b2efe-1ff2-4857-9bbc-18422f0f1910
11060232,fl:ch_ln:kim-915,906da649-dd98-4eac-a78c-d5dc3cc385b1
6566614,fl:th_ln:fluckiger-1,42ab48b2-a6c6-4dc4-9e22-9ffda95c491b
9560467,fl:ma_ln:gorzel-1,048b2efe-1ff2-4857-9bbc-18422f0f1910
9320750,fl:st_ln:morton-15,ed6124a8-b349-4dd4-9e5c-0dff822131a7
D735894,fl:ph_ln:weber-6,cab5836e-c328-4213-a7b0-ab530b6e3432
11264656,fl:ch_ln:schmidt-33,2d35f8e2-e5fa-4874-a39d-3bcbed26a328
8539308,fl:st_ln:dick-4,63b66ee5-2942-4def-95be-6289ecaada88
7112599,fl:yu_ln:chen-348,9b80291b-7f62-4cb0-86e8-33b15877feed
7543120,fl:de_ln:williams-16,29b8f534-149e-443c-b76b-3c4a222da89c
RE37303,fl:ka_ln:purand-1,c21ecc25-b33d-4f2b-8382-c382d3b5d393
9120936,fl:ma_ln:hibben-1,a66af617-804c-4da6-ab07-f2b5cf861329
8144691,fl:jo_ln:pearson-7,86cc5ea2-4ea8-42de-8f42-0858be0b821d
10522740,fl:ha_ln:chuang-12,88c962da-6df3-4f86-85ba-14c24c3cb600
11670353,fl:da_ln:vimercati-1,e26f6502-4416-481e-b15a-e69178b15dfc
10716765,fl:ya_ln:wang-256,5a85d44c-66ef-41d1-a590-71e1c5ed6c0f
5177156,fl:mi_ln:kihira-1,0e3c64f0-f963-4fa4-96db-7915cc62aa37
12307219,fl:ni_ln:harris-3,5be2d4c0-49c3-41c9-91dc-901cc4492e46
11560140,fl:da_ln:piyabongkarn-1,24c2faa2-6ad5-49cf-a5c9-02295bc57b71
6608476,fl:ma_ln:young-82,895efbb8-9962-407d-bad5-7264416704de
9464393,fl:da_ln:steinike-1,cb305bef-233f-4ea2-a2c8-453e317ef6df
10676506,fl:sc_ln:duncan-5,6189895b-8467-43ea-a185-5f84df2289f0
9264759,fl:kw_ln:kim-268,906da649-dd98-4eac-a78c-d5dc3cc385b1
7209206,fl:ki_ln:ono-7,93f8c962-7a18-45c0-b192-7a141f9a8b6c
5232174,fl:ko_ln:sato-36,197266ce-7566-4432-b805-45e82ae4fe98
6154629,fl:sa_ln:kinouchi-2,4ef2b9c8-d3e7-40d6-ac53-8694d8fe890f
6746779,fl:ri_ln:hayes-11,99a82a2a-c494-4f14-bec0-2bcb33b5c533
9237600,fl:ar_ln:behzad-3,a42ba1ca-eafb-4dff-b0a2-604b53435405
11536202,fl:pa_ln:altamura-1,7f555093-2653-48b5-94f8-f41b6adf3b01
8364087,fl:th_ln:keathley-1,50db1714-9aff-43e4-875e-ee0a2aa0cc9a
D344338,fl:hi_ln:yoshikawa-18,f8d42a49-9a11-4e39-9ac0-d2422e4d3bf8
9535521,fl:ch_ln:chang-612,449ce8a9-8d25-4586-9490-edaf993d4b55
7794470,fl:sh_ln:iizuka-14,b0adcf61-dfae-4f46-8b25-d8dd472d6101
7601515,fl:st_ln:burton-10,652dc0bc-0c3d-4a53-9fc6-d5ddbc30fd35
12026370,fl:pe_ln:feiner-1,048b2efe-1ff2-4857-9bbc-18422f0f1910
8404791,fl:ma_ln:kudo-5,7c6d9964-9967-4d17-bca4-dde953da3f41
5213987,fl:bu_ln:bayraktaroglu-1,cbc31957-5625-4c60-be87-a8918629bba8
12478851,fl:je_ln:son-25,0e910535-819c-4148-8818-7242c2fe4f15
12059691,fl:as_ln:whittington-1,7229342a-8cd6-4caf-adec-1c62a781daef
4268440,fl:fr_ln:faulhaber-3,d6f138ea-5fbc-4de0-b58f-9080a787105f
10835904,fl:da_ln:cilia-1,77751a1f-1bee-4ab8-8ca2-bd0bdd543366
10362229,fl:an_ln:brauer-3,8065a93f-941f-4147-a87b-fc6573108bc6
10667131,fl:da_ln:wang-258,f1dd9d80-dc90-4ad0-a89e-892f5580c67d
6716291,fl:ch_ln:woods-9,3113c69e-da94-4371-b19c-1e465c725f39
12419351,fl:an_ln:ryan-9,11ce9f19-40ef-4dd6-8eb6-b18100ed9ee3
6953677,fl:ra_ln:mattes-2,5e78511b-5aa7-43e5-8179-87805ad916d8
8597565,040ee6uqntxy7c1qhu8wiw5ac,118eae42-2f1c-43be-a51e-0d2df1755de9
8364014,fl:ha_ln:blatter-2,7dfcf143-250a-4a80-b2fd-1a8d5e69c3e8
9668053,fl:el_ln:rivera-3,50ec1eac-ebe1-498a-b494-d5324af0a700
8165683,fl:to_ln:drew-1,ac5ed98d-3102-481a-a299-496319daaa3c
11393889,fl:co_ln:su-3,00c05ad0-916a-47c2-9e50-303bb95b25f4
7589357,fl:ya_ln:bessho-3,4d02b7ca-575f-4cad-8529-aa098a0d76aa
7403040,fl:kw_ln:park-21,533e0469-baac-46b7-9576-669db08092eb
9776726,fl:ma_ln:ponsperez-1,c225b866-c934-43b6-9f0a-0d206158dd5b
7442087,fl:ji_ln:long-35,2221b748-de0e-4877-bb61-a8e43c3974cd
9036556,fl:su_ln:chun-22,906da649-dd98-4eac-a78c-d5dc3cc385b1
10979942,fl:yi_ln:du-33,66e2c62e-301f-42e2-a6de-b62c87f792e5
10754600,fl:do_ln:brown-15,4840cedc-7dcd-4aa9-9d62-ee877f7ef128
10432473,fl:an_ln:cencini-1,40fe4375-bfa3-4d8d-8e16-9af80afef44c
7257208,fl:de_ln:brown-5,b7a6bcee-b7b7-444d-b6b5-2bfc72f3809f
9433857,fl:hi_ln:morita-20,55bc7465-2823-418d-9835-41d555c610a6
10228239,fl:yu_ln:nishikawa-23,dfdf1f1a-8f22-41dc-a7f0-855bde20ca67
8291396,fl:ph_ln:molson-1,dffc7267-f6fc-464b-92fd-67c75ae89ac6
6944177,fl:al_ln:rozenstrauch-1,ff25d76a-ea22-40b9-b964-aeb3914ef616
5681449,fl:se_ln:inoue-16,b9802033-15b4-4d59-bef4-74daebc7d68d
8890197,fl:kw_ln:chung-12,47207a0d-8b8a-4b48-9b5d-c5557f0e5fca
7997627,fl:mi_ln:iwamoto-6,037eb855-1e1c-4a35-939c-436fa4724c5c
9598093,fl:br_ln:brown-22,40f12235-463c-4ef7-b2fc-81f8449b4a0b
9917311,fl:ma_ln:reytier-1,6655016a-dc0c-46d6-930b-e02eb2ff70d4
10628387,fl:jo_ln:bruce-14,2edfcbc4-6a26-4cf1-b09d-54d4b5396921
10397161,fl:cu_ln:johnstone-1,686e1302-0c1e-4c49-93d8-f85218e9c749
4780580,fl:ke_ln:sawada-10,5f7defa7-8233-41c4-b71c-1fed95343dea
5222479,fl:lo_ln:brauer-1,17126f02-46c7-4e05-be51-4a2cef9c4cff
4487673,fl:ca_ln:steinmetz-1,67c9606b-94c0-4992-93e2-8f2b69aafd0c
9287136,fl:yo_ln:kim-380,0c9ebedb-c3a1-4084-8fad-b280b75833cf
5599450,fl:ya_ln:li-80,3aa27f7e-ac9b-458d-aef5-92b4254900af
10158556,fl:ca_ln:pignataro-1,7f7f1d2f-d858-4e97-8723-87f06ac28989
6176711,fl:kl_ln:oemus-1,3587916c-faae-4b3f-a6d7-af0bb02235cc
5218565,fl:fr_ln:jutand-1,8befab15-b80a-4b13-bcef-b608cbb0f94d
7476226,fl:do_ln:kephart-2,082dd820-431e-43be-8fd8-dd2f6f2f5a65
5228026,fl:ru_ln:goodings-1,c954ff39-ecb8-4a1e-9eb5-665a6961e2e5
5228026,fl:ru_ln:goodings-1,548d79f9-a5a8-4ec3-90ce-0b2b6045171c
7481077,fl:gi_ln:roba-1,6ae8e22e-375e-4e2d-ad3f-da1ea611aae8
8807519,fl:pe_ln:bruck-1,1431477e-ac20-4e65-97b4-20530a74fa9d
10092452,fl:ti_ln:robinson-7,589307e9-0de2-4991-906b-1eec027000bb
4632906,046umpvhpskld3p19r2lk4wtm,6603ab86-c59b-4f42-92c5-30db1e9887f2
12186228,fl:br_ln:weig-1,fa146211-fdfd-41c7-935d-77369bfe4097
10714028,fl:as_ln:hussain-3,38cff6e0-fc52-4faf-9fa9-b72912600dee
8302127,fl:is_ln:bentolila-1,7dfcf143-250a-4a80-b2fd-1a8d5e69c3e8
8079647,fl:ro_ln:able-2,63ccf9a5-536c-4232-9419-683e894936a5
10889887,fl:mi_ln:pinter-2,1b7df2b5-6ba8-45e7-978f-a91d69bf49be
7605177,fl:as_ln:anand-1,9dcb21cb-6948-4b56-a029-43ace2c44c4b
12232130,fl:yu_ln:li-458,766bd698-7279-4d4f-8a03-99eb5f85e100
12004992,fl:cu_ln:guyer-1,bc6683f4-3787-485b-a468-a83bb12a02e8
7465873,fl:te_ln:hatsukaiwa-1,a8f981e4-395b-49e6-9c4d-391411bb6b67
10208998,fl:jo_ln:tenhundfeld-1,d5f2b1cd-9974-4de9-b76a-b5bf8b46c5e6
12493719,fl:sh_ln:krishnasamyvenugopal-1,787e7299-590c-4874-a720-e78566180c1f
5166513,fl:pe_ln:keenan-1,f88990e6-0e66-42c5-b85e-b61cd0291197
4023421,fl:au_ln:brown-3,29b8f534-149e-443c-b76b-3c4a222da89c
5550901,fl:ar_ln:williams-10,adae35dd-5cb6-4628-b7ac-2b36f67e99be
11498592,fl:ne_ln:carson-1,40f12235-463c-4ef7-b2fc-81f8449b4a0b
7348208,fl:by_ln:chin-2,533e0469-baac-46b7-9576-669db08092eb
6374151,fl:ta_ln:kawaguchi-34,1548fb30-bae7-4aba-80da-e3dcf01b390b
11462280,fl:si_ln:parthasarathy-2,e26f6502-4416-481e-b15a-e69178b15dfc
6818846,fl:ge_ln:roberts-24,6e95b203-e1bf-4122-a0fa-49c780a8b6d0
6780894,fl:ka_ln:shibata-9,2a5fd84a-89e0-4962-aa61-a5bcbaee0a82
10243994,fl:st_ln:turcol-1,29b8f534-149e-443c-b76b-3c4a222da89c
10124168,fl:jo_ln:chalupper-1,0d670b7b-c4f8-4ba1-8921-3ad35b12188b
5635715,fl:da_ln:acroute-1,f8d19164-e6d5-4765-af45-2fb6579390d6
4083052,fl:wi_ln:metcalf-4,6c474b9c-ada1-452c-b897-f36aca04f6cc
11385392,fl:ki_ln:lee-139,3ddb14ba-a3c2-40bf-b430-8c39047a7205
11504797,fl:ma_ln:akiduki-2,9264cf3d-8123-4927-afc3-53741765e1af
9994766,fl:in_ln:chung-36,54991813-eacc-485c-846e-0d97352c62ca
4875983,fl:vi_ln:ferrari-5,2f0adee6-fcb3-418d-9726-a94288532e89
4389230,fl:er_ln:modone-1,253d5f60-3365-4a92-a199-6e78b1c8f1c3
9994587,fl:pe_ln:williams-10,5ed35e81-c079-4e8d-81c8-66eb133562c3
9625721,fl:be_ln:nepveu-1,39cf6a83-fd05-4f25-9cff-ec37375abc18
11663955,fl:ca_ln:wang-25,7c2eafcb-8ddd-4804-aebb-9e2033457739
5800426,fl:wa_ln:taki-2,50403da2-379d-4ac4-9e7d-fcf46075bffc
5675435,fl:ic_ln:matsuzaki-1,47b2aabd-0c46-41f8-a686-945e6fbb7d08
8706162,fl:ma_ln:abrahamsson-1,55bc7465-2823-418d-9835-41d555c610a6
10370911,fl:re_ln:spencer-1,4fcfeb2a-25b2-4753-ad2d-20ff7f0744ee
12118353,fl:ja_ln:sankaran-2,3a89079c-9b5a-44d9-9a29-1374eed14194
9383101,fl:ts_ln:oishi-1,d5c16d3b-fe6d-438f-a46a-eed9d9a6b3b1
5049721,fl:le_ln:sutter-3,fbad373b-3fe2-443b-af68-0099492b635b
5700591,fl:ta_ln:tohda-1,77b0e539-7552-487c-8171-df9127f7fa66
12482917,fl:se_ln:lee-1023,533e0469-baac-46b7-9576-669db08092eb
H1975,fl:da_ln:rosendale-2,b904f566-62d6-44a5-8689-7b5c5a3a1a19
10858452,fl:di_ln:meghnem-1,6899c7cf-d962-4abf-9173-80339d6f423a
9959267,fl:ro_ln:hawking-1,d530b05a-2539-4dbe-aa54-027b4ab9be0b
9994762,fl:na_ln:lett-2,25e8e382-c770-4ac3-9390-bb48ae0cc84c
4299031,fl:mi_ln:bartholomew-6,f8d4e6de-088b-4c3a-9561-2d4da7fdade3
7638576,fl:wa_ln:devonport-1,c835b9d2-3d1e-4896-84ac-bb26f2826bbc
11501111,fl:pr_ln:sen-2,29b8f534-149e-443c-b76b-3c4a222da89c
7335749,fl:ma_ln:nagashima-17,930357c5-7e55-49db-b5f3-f24ee4897d45
4297430,fl:ya_ln:tsubai-2,cf5b78e2-9f5d-4c2d-9a4c-fe54f238f062
8951018,fl:da_ln:calamia-2,32fb6acd-2b88-4e83-8d06-b379ff44baed
6060114,fl:pe_ln:sherman-2,961de0c4-ba40-4d86-9531-6154e70d6470
7477807,fl:jo_ln:webjorn-1,3f743aa8-af4f-4595-b3cb-06532d60cd10
11755982,fl:ji_ln:ye-170,1fda7f29-021f-49a7-b9db-b12c4d33478a
4854679,fl:sa_ln:tsuji-11,dfdf1f1a-8f22-41dc-a7f0-855bde20ca67
11741566,fl:ro_ln:pidaparthi-1,7f321ef1-e0e8-4e2b-a0ac-f42ad9e577a0
10888900,fl:ma_ln:mayer-39,faff9cdc-ede2-4de3-9b3c-e4f61bfe7853
12125701,fl:cu_ln:progl-2,7ffb3e3d-0261-4c71-89ed-12e28b7ee4ac
8515058,fl:cr_ln:gentry-1,ccd8d314-8428-4369-a07a-f303224a173a
11667817,fl:ke_ln:shinohara-1,14f8163f-d71f-492b-a5c2-0e73f7986da6
6671835,fl:ch_ln:morris-9,29b8f534-149e-443c-b76b-3c4a222da89c
12488767,fl:na_ln:kusumoto-3,55754f7e-e260-42ac-a700-1d2cc456c43e
D1024929,04jolmt318cms22ateb3ktpij,a8c13c46-b7f7-41a6-9700-29eaa32beb04
6420203,fl:to_ln:ohkoda-1,4d02b7ca-575f-4cad-8529-aa098a0d76aa
10226061,fl:so_ln:lillevang-1,dc6f7de1-4d45-41c0-82f6-0fe532728e80
RE38435,fl:ic_ln:okamoto-3,171fd1cb-e064-47fd-836d-a685f9c3ee5a
6862461,fl:ke_ln:gawne-2,f14d1ca4-d78c-4c82-942a-1de936053321
5786570,fl:yu_ln:fukazawa-5,a137f818-eef2-4315-8991-648deb8b24d0
11681853,fl:ch_ln:ku-67,88c962da-6df3-4f86-85ba-14c24c3cb600
11417700,fl:ji_ln:chen-174,88c962da-6df3-4f86-85ba-14c24c3cb600
4664248,fl:wi_ln:goodman-4,8f4094b7-206a-49cc-bada-d91974888071
9129299,04l7nn4b6vhkys40gd7rxhh0i,9891fb9b-bdb1-43f9-bc54-1a43d3fc0fa5
10901426,fl:ed_ln:mcquillan-2,f090c3f1-094e-431c-9544-e01d5f9673b3
11383189,fl:gu_ln:liu-90,ea5d0b6c-86c3-44fe-bc47-35f5fb2f5ba0
12317642,fl:ke_ln:pa-1,e41fe11b-2776-4f39-a29b-2fa2ae27431a
10633180,fl:jo_ln:smith-51,d7c66b03-1764-44c6-abcb-90b76b8c9570
5188395,fl:sh_ln:ohara-21,3d82c14b-0b96-4468-8293-8b003bc5e781
5928311,fl:ma_ln:leavy-1,55715b8e-9037-47c9-8e27-a2acf13d6047
5385774,fl:ha_ln:nockemann-1,9f54683b-a055-4401-a312-5d60888223b6
10773371,fl:jo_ln:jannitto-1,c709bf7a-c12b-4aa5-b7b6-a9e57a9ce978
11712652,fl:ch_ln:gebald-1,9329f7ca-0c28-4922-9b88-5dec04a946ce
4632562,fl:ja_ln:peterson-18,79699fc3-ac26-4690-a484-7958474baffc
11113499,fl:su_ln:jo-40,533e0469-baac-46b7-9576-669db08092eb
6411749,fl:ta_ln:findakly-1,737bedf7-0f87-4656-a7e7-2767f8011a93
10937019,fl:em_ln:bidari-1,1487a46c-f243-41aa-934a-6ed3c50aeb66
7290949,fl:jo_ln:brown-151,0c42c17c-ccbc-4a2d-833d-2ed0d0258cbc
11161152,fl:hu_ln:zhu-49,9dde6f71-b77c-4439-8061-e45c9e8387cf
6344600,fl:be_ln:merot-1,b35215b0-b332-4dc8-bf9d-963f32cd5066
4014954,fl:si_ln:brandt-1,57431714-1ef7-4d00-b115-86296fc9cd3a
10454729,fl:fe_ln:tong-5,533e0469-baac-46b7-9576-669db08092eb
5545161,fl:mi_ln:imran-1,37ea744f-ca2f-4d74-b28a-c5161a84d3fc
11492008,fl:ji_ln:xu-223,387eb017-3d79-4b2c-a05f-97d87414ee2e
9204646,fl:ch_ln:dubost-1,e5e74387-e49a-4d13-9afc-24d1efa92d18
6712579,fl:ke_ln:fujii-2,fbe26ec5-c819-46cf-aa57-34a8ac11f8a2
9313047,fl:pa_ln:szabo-2,23588dbc-a807-4061-8c4e-39c17505c4de
6341130,fl:di_ln:stiliadis-1,40ef4238-349d-4b3d-b4d4-3fa28b66272a
9239843,fl:sr_ln:sridharan-17,a74c68d0-8fa4-4856-98eb-b266e32cc73d
4184736,fl:te_ln:spaulding-1,46520e73-267f-4d17-b28d-ab5e5a57f597
7274453,fl:pa_ln:lafleur-2,216b7f24-c8d4-4bc1-b30e-3e0943fa96e1
9782923,fl:ma_ln:tanner-22,4de47c4e-90c9-41f1-80b2-2a33f655581b
8006179,fl:ja_ln:schorr-1,1d4a3263-81e0-42e2-9285-34101f7de27f
12166776,fl:da_ln:chung-6,bc9b96fc-e6df-4c1b-b246-f4292eb3aa63
9790233,fl:mo_ln:antczak-1,41c3267b-83f3-4289-b411-e75085a6e236
8911539,fl:zu_ln:he-1,6a296d56-487d-488a-a36b-2e6a3beb1360
7404568,fl:ma_ln:portelance-1,8dc8d758-3109-4b94-9ab1-65c6e2bc5f97
9760196,fl:ta_ln:tsuda-15,e929409e-d879-417f-82a0-b0254e52520d
6130771,fl:ro_ln:chertkow-1,1184b04d-89f1-484f-87bb-a8dfaf558700
6725844,04pywxcdxki1onyp7lgq08v7e,1c631b96-8301-4819-bd8c-2e69e2ef6c76
10056668,fl:ge_ln:fiedziuszko-1,5161010e-cc06-4e4f-a81e-d5d62cea7232
9678938,fl:mi_ln:scott-37,698bfcf1-d5fc-4bb4-809b-44dda21bbff8
9021099,fl:ya_ln:ko-15,de2b5677-2aa7-4fe5-957b-8c7e0e037c6f
10959379,fl:wa_ln:flickinger-1,fb12bbbc-4a8a-4b50-86a4-0bf6619cf644
6011343,fl:ma_ln:taniguchi-30,1d443c32-beaa-448d-b67c-2e60c804fd0a
7408451,fl:ro_ln:dykhouse-1,e2c0faec-6d87-4f3d-a7cb-71a7de8605fc
8948072,fl:mi_ln:rinne-2,54b9ac48-b460-4416-8a20-f58aed1240d5
12071637,fl:ku_ln:yang-78,52989e1f-4ab6-40db-9c63-57726ae50d18
9242123,fl:ke_ln:krogerlyons-2,8f4094b7-206a-49cc-bada-d91974888071
8479091,fl:ar_ln:buck-3,4840cedc-7dcd-4aa9-9d62-ee877f7ef128
9708651,fl:sh_ln:o'hara-1,51e40367-1b82-4d8b-a653-962a2536c01c
11600888,fl:ba_ln:huber-2,2f99f1e8-6c16-41b0-9611-907ab4383a9d
5600699,fl:ke_ln:mori-31,dd2ea61b-db64-412c-8dcc-f36e35dfe751
7111591,fl:la_ln:cunningham-10,e10ea6f8-b77e-41f8-830b-46cf1db68ca1
4463926,04s0urtyjt4prdt39c803hed0,f627c769-3896-49fe-a4a6-b338f25d3a01
10562508,fl:da_ln:freeman-30,63a2f96a-bb86-4cf2-93a3-d9a7f489b333
12178638,fl:cl_ln:errico-1,118565fb-5037-4fb5-b31c-a1c6e7674c02
4614046,fl:ar_ln:dassler-1,77140295-8061-4d5f-8727-4216dba81f4e
7956570,fl:ri_ln:lowenthal-2,be73794f-3b2e-4fe1-970f-242fab096521
7925299,fl:si_ln:walmsley-1,20e8e75a-d96a-42d1-a544-db323785bbe8
7925859,fl:mi_ln:jensen-25,0fe7174b-6eee-4bae-9d12-aef0399a82ee
5227204,fl:ca_ln:vittoria-1,54991813-eacc-485c-846e-0d97352c62ca
8015736,fl:ro_ln:frey-14,9e5e712a-084a-4dae-b2ed-f2838882c9cb
11789383,fl:ka_ln:ubukata-2,5b0b2179-927c-48dd-a8ee-211adb1d7e7a
7751661,fl:na_ln:morizumi-1,e6306eef-3505-42d4-a215-bbdb7ed20852
5590357,fl:il_ln:shimony-1,45fb520b-1ab7-4097-81ee-d9d736c0ab3c
8448576,fl:er_ln:matzinger-1,1f042243-b445-4224-96e2-aace24f75c69
7149702,fl:mi_ln:davis-54,832ad131-0ed7-41b9-ae95-5eb8018a9a84
12260909,fl:ta_ln:ha-49,b23e3cee-e5d6-4ac2-8bbb-4707becdf7de
8873570,fl:gl_ln:goffin-1,37fa9ea3-fc60-4fa8-8f92-b3307889a502
10247901,fl:ca_ln:rosenberger-1,f7e994f5-8090-4d4f-a84a-df72a6e5fc0f
11378806,fl:an_ln:ouderkirk-2,b581f25a-fab9-4fb0-9be1-c1bd9f209dc5
4709541,fl:do_ln:huber-10,1c8f1e88-c7af-4f91-91e6-8fe71768b945
6264065,fl:cl_ln:jouillat-1,a50df2b3-79f1-4336-af6b-6385cbcfbe31
8406719,fl:na_ln:arani-1,a04da83d-6564-4690-a7f2-81409f61097e
D387732,fl:sh_ln:hanna-3,a39d8608-b485-41fb-ae68-dc4e0b37f04c
10215581,fl:gu_ln:hoareau-1,29b8f534-149e-443c-b76b-3c4a222da89c
8816801,fl:ko_ln:takaya-2,5747b411-b112-427e-8fed-7df3bd86d4a4
12062609,fl:ch_ln:yang-72,29b8f534-149e-443c-b76b-3c4a222da89c
10605179,fl:sy_ln:charbonnel-1,75af58a7-54a5-41c1-8dd7-ee4f50e46e9d
D683322,fl:co_ln:derby-1,37fa9ea3-fc60-4fa8-8f92-b3307889a502
10680114,fl:hy_ln:kim-544,533e0469-baac-46b7-9576-669db08092eb
11003692,fl:ma_ln:pawlowski-3,4a3eec42-78bf-4057-8a68-4da387b86ee6
6040164,fl:th_ln:millward-1,0d463191-c5a9-497d-8037-4d6a85a6c5b2
4212361,fl:ru_ln:stocker-2,2fadf56a-5f87-441e-92ff-9bf9a4e89224
11196705,fl:ma_ln:pauker-1,7a7b0831-a471-40d3-acfd-cb7ec0bd6d57
6568058,fl:bl_ln:wieland-1,37a3e040-7cc7-4468-bc79-72e2606dbf2e
8059216,fl:os_ln:willemsen-1,5eaceda6-d637-4578-bbba-a40f5560b683
11753946,fl:jo_ln:peeters-14,eca7cc11-c74e-4f0b-9048-1f26347a7fe1
11664681,fl:pr_ln:prabhat-2,c0dd0b4d-fbbe-4965-b458-304bb690d1e8
10515724,fl:ha_ln:huang-47,7de22248-751e-43db-a593-65dec9fc4323
8577698,fl:ga_ln:shuster-1,1cb35224-3c40-44aa-baac-48f2a6d7409e
4811701,fl:eg_ln:tank-1,4b36f99b-3fab-420f-b34d-45c8a1e26895
9740252,fl:jo_ln:plunkett-2,e42ab0c9-1147-4a62-876d-6af06205e6c7
9147762,fl:ha_ln:yin-52,e66c4a3a-2bdf-45d2-a8af-46afdd973534
12052479,fl:re_ln:harb-1,77c7859e-28dc-4ef1-81ba-5a02b9cdc28d
9473827,fl:pa_ln:ladd-3,8bde4c23-ba92-4017-affb-c1b0dcce0211
D435415,fl:ro_ln:johnson-84,3a0ee5ba-ea40-4342-a648-7d706dadf471
5099960,050cxsjq5mlpftlcxr4qwks35,7298db09-1c34-4e6b-b759-921f9afd3dc5
11705262,fl:al_ln:klotz-4,6f1ea3bd-b377-42ba-b2c6-d82f1ed0bd0f
8499667,fl:yu_ln:lockhart-1,a6e05535-db32-4dc0-9441-7e1c76372984
9574126,fl:ky_ln:essenmacher-1,1b606c63-f004-4846-8e11-d819cee5029a
10774425,fl:fe_ln:xu-4,0c7bbc3f-b93a-42f8-926d-71c27939c8df
6687287,fl:sh_ln:antol-1,40ef4238-349d-4b3d-b4d4-3fa28b66272a
11603545,fl:we_ln:fan-113,4146488c-f8f0-45fb-b5c0-cac13d16fde2
D458469,fl:do_ln:woods-10,e1cb152b-d336-4612-821c-c51b19de7db4
7648090,fl:or_ln:ahlgren-1,4d656483-a1c1-46f3-8fbe-da4a902a04a8
9484101,fl:pr_ln:kalavade-1,e26f6502-4416-481e-b15a-e69178b15dfc
D970426,fl:ya_ln:chen-162,9acc435d-6a3b-4f16-93db-a23f09084ff1
7618130,fl:sh_ln:yazaki-1,877b4262-7552-45e3-adc3-c484b3095cf3
11547935,fl:co_ln:snyder-5,21c36bdf-1226-41ea-99f8-0af8b6bb4f12
8297203,fl:ha_ln:stiedl-1,f68061b9-5827-43c8-8f62-33cae08b6d16
9075037,fl:ha_ln:nsubuga-1,1d86631c-e613-463d-8b25-9c1255e49c45
10593828,fl:hi_ln:hirayama-10,0bc189af-3eb0-4f95-9c77-b230b103c2cb
7067098,fl:ri_ln:smalley-1,d86ee8a4-5260-45cf-a23d-844cc377015a
9816673,fl:ph_ln:reger-1,4c26dba3-1e9e-4b20-96e5-a27eb1fd462e
9224328,fl:wo_ln:ha-10,956c0a58-ac23-4951-9d3a-3af066ec8744
11037105,fl:ri_ln:roy-6,85ffac85-7c2d-41ae-85de-6db2f1e340ca
5222249,fl:sc_ln:carney-1,ff25d76a-ea22-40b9-b964-aeb3914ef616
D319944,fl:du_ln:adams-6,b80b3e22-3921-4026-9fac-0a55dd47bb07
7700115,fl:ca_ln:pert-2,7e981a09-c791-4953-8411-7385ffdc196e
12057885,fl:li_ln:bussey-1,bec2c2bc-d62b-4d03-96ee-e6e658727220
12397497,fl:an_ln:codina-1,70c51ff2-9e1c-41e9-afa4-2ddb9a6121e8
9727452,fl:vi_ln:karamcheti-1,0cd5cef5-93d1-4649-ba74-f5cbb272110f
5487804,fl:de_ln:gille-1,5ac7682c-42ff-419e-9a86-99a40aa56332
6650602,fl:ma_ln:ieda-3,74c11be2-20ec-49fe-ac26-d839d375bd32
7132367,fl:ke_ln:hinode-1,93f8c962-7a18-45c0-b192-7a141f9a8b6c
8430979,fl:an_ln:boegel-1,82b4ac6f-1064-41d2-8753-fb970be7460f
10738589,fl:vi_ln:chatelet-1,7cf2d872-7724-49cd-81aa-d231c9283a40
10045289,fl:ho_ln:zhuang-5,66e2c62e-301f-42e2-a6de-b62c87f792e5
11005728,fl:an_ln:dipietro-4,7f7f1d2f-d858-4e97-8723-87f06ac28989
4362682,fl:ge_ln:berg-9,b23a655f-b1e8-408d-a5c9-ea58637b55b3
4856556,055shl9kqz7xmkraxfg59iar0,445f38bf-10a1-4f9b-8cc8-63d4186b8216
7594598,fl:to_ln:chen-31,4016b23a-046b-4375-90c4-f6cbbe3d7af0
10447437,fl:ho_ln:kim-132,533e0469-baac-46b7-9576-669db08092eb
10995603,fl:to_ln:drexl-1,13a2da2e-018f-4663-88ac-eabcea75cef4
12489041,fl:ta_ln:sato-136,41dc471d-a24d-4faf-83c0-db9a8f1b9883
10066917,fl:ye_ln:youn-12,29eeba6a-c3db-4893-8343-ea7f7909b622
3952458,fl:ha_ln:kodama-4,e229b61f-88e9-4c9a-b724-fa3bbebbf2d8
8836038,fl:pe_ln:hsu-2,88c962da-6df3-4f86-85ba-14c24c3cb600
8446872,fl:ma_ln:bienas-2,c66de493-d04e-4a0e-9fe5-92d9ef26e3c8
8173915,fl:ni_ln:manjunath-5,1b7df2b5-6ba8-45e7-978f-a91d69bf49be
12213216,fl:di_ln:rai-1,b3dad61c-6f97-4c1f-9d28-044424444a70
D423817,fl:si_ln:yan-14,6024cd5e-40e5-408c-8987-1aedce1070ad
8677907,fl:wo_ln:graaff-1,eafd37fb-64e7-4eda-99e1-56102f00da2d
D724898,fl:jo_ln:perrulli-1,b90bc182-a772-4806-a897-fd4c5d3a5aaa
5823884,fl:ma_ln:ager-2,4fb0ce4d-9b4e-4d6d-9bcc-ef15a4712ec6
H1985,fl:fr_ln:ligler-1,a8ff5b01-5396-4174-bd3b-0245cf192b9b
5312222,fl:mi_ln:cesari-1,bc2f4d61-de1c-4b5d-955c-e6a8fd950f76
6423875,fl:an_ln:tenten-1,d6f138ea-5fbc-4de0-b58f-9080a787105f
11400801,fl:th_ln:becher-1,7624edac-906f-4374-b37b-1b2a6c657a3a
8948526,fl:su_ln:park-184,533e0469-baac-46b7-9576-669db08092eb
5293878,fl:ch_ln:slater-10,27b2335a-f447-4dac-81d9-ff50f8022ad4
9148600,fl:se_ln:ham-10,533e0469-baac-46b7-9576-669db08092eb
12235295,fl:yo_ln:suto-4,c0dfdd01-7ca6-439e-bc4b-d5b8eea5ace0
6932810,fl:th_ln:ryan-19,b48428b8-a2cb-4ad5-97be-0d74e655246a
11107152,fl:do_ln:herrington-1,ee19b405-e8a2-4bfe-8aa1-9f8fe50d3be7
4780327,fl:do_ln:rentschler-1,468552fb-6690-4a83-a337-87172d97b764
11950080,fl:hy_ln:chung-92,71fbef89-7e56-459f-beda-3c03c4c787e8
7051693,fl:yo_ln:nakayama-5,1bca0293-4d34-4fa3-bf27-faa537257421
5892216,fl:jo_ln:grant-21,d3bc157f-87e5-4a5a-829b-9a32c98c18c3
4517212,fl:st_ln:campbell-52,6e52c5bb-14af-4d1e-be5a-676e8dfd8bf3
10462125,fl:ha_ln:zhang-327,92f6eb86-cf74-44bb-a2bf-33d99bfd22e9
6592126,fl:du_ln:davis-5,e418abf0-81c6-4263-b08d-4ffb5b8ea802
7454562,fl:jo_ln:moffat-3,1db514ff-ce63-479e-841b-56d12528e142
10126625,fl:th_ln:rentschler-1,ea9b3e84-48ba-47ec-8903-1e151eab97c6
11662827,fl:va_ln:arora-4,fee30b2d-5a61-4bf6-8812-f503ec3bb1b4
12085268,fl:bi_ln:chen-78,57238608-4239-4384-9d88-6110b1af966d
10707132,fl:ge_ln:jacobi-1,5a9d0f13-c862-4a48-9966-3495c4904177
11397882,fl:li_ln:deng-32,6e84d62a-29d8-466a-9b04-cd4f9a318cf7
4295652,fl:ta_ln:saito-7,d713100f-680a-4b7a-8c3c-c841ce118e92
9170145,fl:ha_ln:germann-1,a4125ee5-aafd-429f-b987-d768c41d7b62
7841600,fl:ma_ln:yazaki-6,7fd570bb-8d88-4ad9-832b-532add7b7500
11003052,fl:ma_ln:arai-58,2f9abb61-dddd-48c2-98b8-f642b42ef8ed
11496498,fl:ge_ln:kellerman-1,f08c26b4-cc29-4858-81ed-e6380ef43f6b
11051326,fl:ch_ln:qian-31,533e0469-baac-46b7-9576-669db08092eb
5228026,fl:ch_ln:cant-3,c954ff39-ecb8-4a1e-9eb5-665a6961e2e5
5228026,fl:ch_ln:cant-3,548d79f9-a5a8-4ec3-90ce-0b2b6045171c
D662174,fl:wa_ln:reijnders-1,094ee998-c12e-455d-8f1b-dbdbdc7d7361
10896244,fl:ma_ln:mohebbi-1,af2223ba-5c19-42d0-ba46-cf87b31a49d9
